MWSLIN,SOR,NSN,TAMCN,NOMENCLATURE,Qty,Report Date,NIIN
C768,PPA,1.24002E+12,E0846,Thermal Elbow Assembly TSS,0,10/1/2023,15541735
C768,PPA,1.24002E+12,E0846,Thermal Elbow Assembly TSS,0,11/1/2023,15541735
C768,PPA,1.24002E+12,E0846,Thermal Elbow Assembly TSS,0,12/1/2023,15541735
C768,PPA,1.24002E+12,E0846,Thermal Elbow Assembly TSS,12,1/1/2024,15541735
C768,PPA,1.24002E+12,E0846,Thermal Elbow Assembly TSS,0,2/1/2024,15541735
C768,PPA,1.24002E+12,E0846,Thermal Elbow Assembly TSS,0,3/1/2024,15541735
C768,PPA,1.24002E+12,E0846,Thermal Elbow Assembly TSS,0,4/1/2024,15541735
C768,PPA,1.24002E+12,E0846,Thermal Elbow Assembly TSS,0,5/1/2024,15541735
C768,PPA,1.24002E+12,E0846,Thermal Elbow Assembly TSS,0,6/1/2024,15541735
C768,PPA,1.24002E+12,E0846,Thermal Elbow Assembly TSS,0,7/1/2024,15541735
C768,PPA,1.24002E+12,E0846,Thermal Elbow Assembly TSS,0,8/1/2024,15541735
C768,PPA,1.24002E+12,E0846,Thermal Elbow Assembly TSS,0,9/1/2024,15541735
C768,PPA,1.24002E+12,E0846,Thermal Elbow Assembly TSS,0,10/1/2024,15541735
C768,PPA,1.24002E+12,E0846,Thermal Elbow Assembly TSS,0,11/1/2024,15541735
C768,PPA,1.24002E+12,E0846,Thermal Elbow Assembly TSS,0,12/1/2024,15541735
D009,PPB,5.89502E+12,A0123,"Console, Communications",12,10/1/2023,15525616
D009,PPB,5.89502E+12,A0123,"Console, Communications",3,11/1/2023,15525616
D009,PPB,5.89502E+12,A0123,"Console, Communications",0,12/1/2023,15525616
D009,PPB,5.89502E+12,A0123,"Console, Communications",0,1/1/2024,15525616
D009,PPB,5.89502E+12,A0123,"Console, Communications",0,2/1/2024,15525616
D009,PPB,5.89502E+12,A0123,"Console, Communications",0,3/1/2024,15525616
D009,PPB,5.89502E+12,A0123,"Console, Communications",0,4/1/2024,15525616
D009,PPB,5.89502E+12,A0123,"Console, Communications",0,5/1/2024,15525616
D009,PPB,5.89502E+12,A0123,"Console, Communications",0,6/1/2024,15525616
D009,PPB,5.89502E+12,A0123,"Console, Communications",0,7/1/2024,15525616
D009,PPB,5.89502E+12,A0123,"Console, Communications",0,8/1/2024,15525616
D009,PPB,5.89502E+12,A0123,"Console, Communications",0,9/1/2024,15525616
D009,PPB,5.89502E+12,A0123,"Console, Communications",0,10/1/2024,15525616
D009,PPB,5.89502E+12,A0123,"Console, Communications",0,11/1/2024,15525616
D009,PPB,5.89502E+12,A0123,"Console, Communications",0,12/1/2024,15525616
D046,PPA,5.8202E+12,A0153,"Receiver-Transmitter, Radio",0,10/1/2023,200058054
D046,PPA,5.8202E+12,A0153,"Receiver-Transmitter, Radio",0,11/1/2023,200058054
D046,PPA,5.8202E+12,A0153,"Receiver-Transmitter, Radio",0,12/1/2023,200058054
D046,PPA,5.8202E+12,A0153,"Receiver-Transmitter, Radio",0,1/1/2024,200058054
D046,PPA,5.8202E+12,A0153,"Receiver-Transmitter, Radio",0,2/1/2024,200058054
D046,PPA,5.8202E+12,A0153,"Receiver-Transmitter, Radio",0,3/1/2024,200058054
D046,PPA,5.8202E+12,A0153,"Receiver-Transmitter, Radio",0,4/1/2024,200058054
D046,PPA,5.8202E+12,A0153,"Receiver-Transmitter, Radio",0,5/1/2024,200058054
D046,PPA,5.8202E+12,A0153,"Receiver-Transmitter, Radio",0,6/1/2024,200058054
D046,PPA,5.8202E+12,A0153,"Receiver-Transmitter, Radio",0,7/1/2024,200058054
D046,PPA,5.8202E+12,A0153,"Receiver-Transmitter, Radio",0,8/1/2024,200058054
D046,PPA,5.8202E+12,A0153,"Receiver-Transmitter, Radio",0,9/1/2024,200058054
D046,PPA,5.8202E+12,A0153,"Receiver-Transmitter, Radio",0,10/1/2024,200058054
D046,PPA,5.8202E+12,A0153,"Receiver-Transmitter, Radio",0,11/1/2024,200058054
D046,PPA,5.8202E+12,A0153,"Receiver-Transmitter, Radio",0,12/1/2024,200058054
D052,PPA,5.99801E+12,A2179,Electronic Component,0,10/1/2023,11423769
D052,PPA,5.99801E+12,A2179,Electronic Component,0,11/1/2023,11423769
D052,PPA,5.99801E+12,A2179,Electronic Component,0,12/1/2023,11423769
D052,PPA,5.99801E+12,A2179,Electronic Component,0,1/1/2024,11423769
D052,PPA,5.99801E+12,A2179,Electronic Component,0,2/1/2024,11423769
D052,PPA,5.99801E+12,A2179,Electronic Component,0,3/1/2024,11423769
D052,PPA,5.99801E+12,A2179,Electronic Component,0,4/1/2024,11423769
D052,PPA,5.99801E+12,A2179,Electronic Component,0,5/1/2024,11423769
D052,PPA,5.99801E+12,A2179,Electronic Component,0,6/1/2024,11423769
D052,PPA,5.99801E+12,A2179,Electronic Component,0,7/1/2024,11423769
D052,PPA,5.99801E+12,A2179,Electronic Component,0,8/1/2024,11423769
D052,PPA,5.99801E+12,A2179,Electronic Component,0,9/1/2024,11423769
D052,PPA,5.99801E+12,A2179,Electronic Component,0,10/1/2024,11423769
D052,PPA,5.99801E+12,A2179,Electronic Component,0,11/1/2024,11423769
D052,PPA,5.99801E+12,A2179,Electronic Component,0,12/1/2024,11423769
D081,PPA,6.62501E+12,A7420,"Generator, Function, Electronic :33250A",0,10/1/2023,14778172
D081,PPA,6.62501E+12,A7420,"Generator, Function, Electronic :33250A",0,11/1/2023,14778172
D081,PPA,6.62501E+12,A7420,"Generator, Function, Electronic :33250A",0,12/1/2023,14778172
D081,PPA,6.62501E+12,A7420,"Generator, Function, Electronic :33250A",0,1/1/2024,14778172
D081,PPA,6.62501E+12,A7420,"Generator, Function, Electronic :33250A",0,2/1/2024,14778172
D081,PPA,6.62501E+12,A7420,"Generator, Function, Electronic :33250A",0,3/1/2024,14778172
D081,PPA,6.62501E+12,A7420,"Generator, Function, Electronic :33250A",0,4/1/2024,14778172
D081,PPA,6.62501E+12,A7420,"Generator, Function, Electronic :33250A",0,5/1/2024,14778172
D081,PPA,6.62501E+12,A7420,"Generator, Function, Electronic :33250A",0,6/1/2024,14778172
D081,PPA,6.62501E+12,A7420,"Generator, Function, Electronic :33250A",0,7/1/2024,14778172
D081,PPA,6.62501E+12,A7420,"Generator, Function, Electronic :33250A",0,8/1/2024,14778172
D081,PPA,6.62501E+12,A7420,"Generator, Function, Electronic :33250A",0,9/1/2024,14778172
D081,PPA,6.62501E+12,A7420,"Generator, Function, Electronic :33250A",0,10/1/2024,14778172
D081,PPA,6.62501E+12,A7420,"Generator, Function, Electronic :33250A",0,11/1/2024,14778172
D081,PPA,6.62501E+12,A7420,"Generator, Function, Electronic :33250A",0,12/1/2024,14778172
D084,PPA,6.62502E+12,A7420,"Calibrator, Range Indicator",0,10/1/2023,15623698
D084,PPA,6.62502E+12,A7420,"Calibrator, Range Indicator",0,11/1/2023,15623698
D084,PPA,6.62502E+12,A7420,"Calibrator, Range Indicator",0,12/1/2023,15623698
D084,PPA,6.62502E+12,A7420,"Calibrator, Range Indicator",0,1/1/2024,15623698
D084,PPA,6.62502E+12,A7420,"Calibrator, Range Indicator",0,2/1/2024,15623698
D084,PPA,6.62502E+12,A7420,"Calibrator, Range Indicator",0,3/1/2024,15623698
D084,PPA,6.62502E+12,A7420,"Calibrator, Range Indicator",0,4/1/2024,15623698
D084,PPA,6.62502E+12,A7420,"Calibrator, Range Indicator",0,5/1/2024,15623698
D084,PPA,6.62502E+12,A7420,"Calibrator, Range Indicator",0,6/1/2024,15623698
D084,PPA,6.62502E+12,A7420,"Calibrator, Range Indicator",0,7/1/2024,15623698
D084,PPA,6.62502E+12,A7420,"Calibrator, Range Indicator",0,8/1/2024,15623698
D084,PPA,6.62502E+12,A7420,"Calibrator, Range Indicator",0,9/1/2024,15623698
D084,PPA,6.62502E+12,A7420,"Calibrator, Range Indicator",0,10/1/2024,15623698
D084,PPA,6.62502E+12,A7420,"Calibrator, Range Indicator",0,11/1/2024,15623698
D084,PPA,6.62502E+12,A7420,"Calibrator, Range Indicator",0,12/1/2024,15623698
D090,PPA,6.62502E+12,A7523,"Calibrator, Frequency",0,10/1/2023,16533190
D090,PPA,6.62502E+12,A7523,"Calibrator, Frequency",0,11/1/2023,16533190
D090,PPA,6.62502E+12,A7523,"Calibrator, Frequency",0,12/1/2023,16533190
D090,PPA,6.62502E+12,A7523,"Calibrator, Frequency",0,1/1/2024,16533190
D090,PPA,6.62502E+12,A7523,"Calibrator, Frequency",0,2/1/2024,16533190
D090,PPA,6.62502E+12,A7523,"Calibrator, Frequency",0,3/1/2024,16533190
D090,PPA,6.62502E+12,A7523,"Calibrator, Frequency",0,4/1/2024,16533190
D090,PPA,6.62502E+12,A7523,"Calibrator, Frequency",0,5/1/2024,16533190
D090,PPA,6.62502E+12,A7523,"Calibrator, Frequency",0,6/1/2024,16533190
D090,PPA,6.62502E+12,A7523,"Calibrator, Frequency",0,7/1/2024,16533190
D090,PPA,6.62502E+12,A7523,"Calibrator, Frequency",0,8/1/2024,16533190
D090,PPA,6.62502E+12,A7523,"Calibrator, Frequency",0,9/1/2024,16533190
D090,PPA,6.62502E+12,A7523,"Calibrator, Frequency",0,10/1/2024,16533190
D090,PPA,6.62502E+12,A7523,"Calibrator, Frequency",0,11/1/2024,16533190
D090,PPA,6.62502E+12,A7523,"Calibrator, Frequency",0,12/1/2024,16533190
D091,PPB,6.13002E+12,A2179,"Power Supply, ComTech",2,10/1/2023,15447811
D091,PPB,6.13002E+12,A2179,"Power Supply, ComTech",0,11/1/2023,15447811
D091,PPB,6.13002E+12,A2179,"Power Supply, ComTech",0,12/1/2023,15447811
D091,PPB,6.13002E+12,A2179,"Power Supply, ComTech",0,1/1/2024,15447811
D091,PPB,6.13002E+12,A2179,"Power Supply, ComTech",0,2/1/2024,15447811
D091,PPB,6.13002E+12,A2179,"Power Supply, ComTech",0,3/1/2024,15447811
D091,PPB,6.13002E+12,A2179,"Power Supply, ComTech",0,4/1/2024,15447811
D091,PPB,6.13002E+12,A2179,"Power Supply, ComTech",0,5/1/2024,15447811
D091,PPB,6.13002E+12,A2179,"Power Supply, ComTech",0,6/1/2024,15447811
D091,PPB,6.13002E+12,A2179,"Power Supply, ComTech",0,7/1/2024,15447811
D091,PPB,6.13002E+12,A2179,"Power Supply, ComTech",0,8/1/2024,15447811
D091,PPB,6.13002E+12,A2179,"Power Supply, ComTech",0,9/1/2024,15447811
D091,PPB,6.13002E+12,A2179,"Power Supply, ComTech",0,10/1/2024,15447811
D091,PPB,6.13002E+12,A2179,"Power Supply, ComTech",0,11/1/2024,15447811
D091,PPB,6.13002E+12,A2179,"Power Supply, ComTech",0,12/1/2024,15447811
D092,PPA,6.62502E+12,A7420,Oscilloscope,0,10/1/2023,15658920
D092,PPA,6.62502E+12,A7420,Oscilloscope,0,11/1/2023,15658920
D092,PPA,6.62502E+12,A7420,Oscilloscope,0,12/1/2023,15658920
D092,PPA,6.62502E+12,A7420,Oscilloscope,0,1/1/2024,15658920
D092,PPA,6.62502E+12,A7420,Oscilloscope,0,2/1/2024,15658920
D092,PPA,6.62502E+12,A7420,Oscilloscope,0,3/1/2024,15658920
D092,PPA,6.62502E+12,A7420,Oscilloscope,0,4/1/2024,15658920
D092,PPA,6.62502E+12,A7420,Oscilloscope,0,5/1/2024,15658920
D092,PPA,6.62502E+12,A7420,Oscilloscope,0,6/1/2024,15658920
D092,PPA,6.62502E+12,A7420,Oscilloscope,0,7/1/2024,15658920
D092,PPA,6.62502E+12,A7420,Oscilloscope,0,8/1/2024,15658920
D092,PPA,6.62502E+12,A7420,Oscilloscope,0,9/1/2024,15658920
D092,PPA,6.62502E+12,A7420,Oscilloscope,0,10/1/2024,15658920
D092,PPA,6.62502E+12,A7420,Oscilloscope,0,11/1/2024,15658920
D092,PPA,6.62502E+12,A7420,Oscilloscope,0,12/1/2024,15658920
D095,PPA,5.99801E+12,A2179,Circuit Card Assembly,0,10/1/2023,11418146
D095,PPA,5.99801E+12,A2179,Circuit Card Assembly,0,11/1/2023,11418146
D095,PPA,5.99801E+12,A2179,Circuit Card Assembly,0,12/1/2023,11418146
D095,PPA,5.99801E+12,A2179,Circuit Card Assembly,0,1/1/2024,11418146
D095,PPA,5.99801E+12,A2179,Circuit Card Assembly,0,2/1/2024,11418146
D095,PPA,5.99801E+12,A2179,Circuit Card Assembly,0,3/1/2024,11418146
D095,PPA,5.99801E+12,A2179,Circuit Card Assembly,0,4/1/2024,11418146
D095,PPA,5.99801E+12,A2179,Circuit Card Assembly,0,5/1/2024,11418146
D095,PPA,5.99801E+12,A2179,Circuit Card Assembly,0,6/1/2024,11418146
D095,PPA,5.99801E+12,A2179,Circuit Card Assembly,0,7/1/2024,11418146
D095,PPA,5.99801E+12,A2179,Circuit Card Assembly,0,8/1/2024,11418146
D095,PPA,5.99801E+12,A2179,Circuit Card Assembly,0,9/1/2024,11418146
D095,PPA,5.99801E+12,A2179,Circuit Card Assembly,0,10/1/2024,11418146
D095,PPA,5.99801E+12,A2179,Circuit Card Assembly,0,11/1/2024,11418146
D095,PPA,5.99801E+12,A2179,Circuit Card Assembly,0,12/1/2024,11418146
D097,PPA,5.99602E+12,A0331,"Amplifier, Radio",10,10/1/2023,15848748
D097,PPA,5.99602E+12,A0331,"Amplifier, Radio",10,11/1/2023,15848748
D097,PPA,5.99602E+12,A0331,"Amplifier, Radio",0,12/1/2023,15848748
D097,PPA,5.99602E+12,A0331,"Amplifier, Radio",0,1/1/2024,15848748
D097,PPA,5.99602E+12,A0331,"Amplifier, Radio",0,2/1/2024,15848748
D097,PPA,5.99602E+12,A0331,"Amplifier, Radio",0,3/1/2024,15848748
D097,PPA,5.99602E+12,A0331,"Amplifier, Radio",0,4/1/2024,15848748
D097,PPA,5.99602E+12,A0331,"Amplifier, Radio",0,5/1/2024,15848748
D097,PPA,5.99602E+12,A0331,"Amplifier, Radio",0,6/1/2024,15848748
D097,PPA,5.99602E+12,A0331,"Amplifier, Radio",0,7/1/2024,15848748
D097,PPA,5.99602E+12,A0331,"Amplifier, Radio",0,8/1/2024,15848748
D097,PPA,5.99602E+12,A0331,"Amplifier, Radio",0,9/1/2024,15848748
D097,PPA,5.99602E+12,A0331,"Amplifier, Radio",0,10/1/2024,15848748
D097,PPA,5.99602E+12,A0331,"Amplifier, Radio",0,11/1/2024,15848748
D097,PPA,5.99602E+12,A0331,"Amplifier, Radio",0,12/1/2024,15848748
D098,PPA,5.99602E+12,A0242,"Amplifier, Radio Frequency",0,10/1/2023,16616649
D098,PPA,5.99602E+12,A0242,"Amplifier, Radio Frequency",0,11/1/2023,16616649
D098,PPA,5.99602E+12,A0242,"Amplifier, Radio Frequency",0,12/1/2023,16616649
D098,PPA,5.99602E+12,A0242,"Amplifier, Radio Frequency",0,1/1/2024,16616649
D098,PPA,5.99602E+12,A0242,"Amplifier, Radio Frequency",3,2/1/2024,16616649
D098,PPA,5.99602E+12,A0242,"Amplifier, Radio Frequency",0,3/1/2024,16616649
D098,PPA,5.99602E+12,A0242,"Amplifier, Radio Frequency",0,4/1/2024,16616649
D098,PPA,5.99602E+12,A0242,"Amplifier, Radio Frequency",0,5/1/2024,16616649
D098,PPA,5.99602E+12,A0242,"Amplifier, Radio Frequency",0,6/1/2024,16616649
D098,PPA,5.99602E+12,A0242,"Amplifier, Radio Frequency",0,7/1/2024,16616649
D098,PPA,5.99602E+12,A0242,"Amplifier, Radio Frequency",0,8/1/2024,16616649
D098,PPA,5.99602E+12,A0242,"Amplifier, Radio Frequency",0,9/1/2024,16616649
D098,PPA,5.99602E+12,A0242,"Amplifier, Radio Frequency",0,10/1/2024,16616649
D098,PPA,5.99602E+12,A0242,"Amplifier, Radio Frequency",0,11/1/2024,16616649
D098,PPA,5.99602E+12,A0242,"Amplifier, Radio Frequency",0,12/1/2024,16616649
D0A2,PPA,6.62501E+12,A7596,"Plug-In Unit, Electr",0,10/1/2023,14217497
D0A2,PPA,6.62501E+12,A7596,"Plug-In Unit, Electr",0,11/1/2023,14217497
D0A2,PPA,6.62501E+12,A7596,"Plug-In Unit, Electr",0,12/1/2023,14217497
D0A2,PPA,6.62501E+12,A7596,"Plug-In Unit, Electr",0,1/1/2024,14217497
D0A2,PPA,6.62501E+12,A7596,"Plug-In Unit, Electr",0,2/1/2024,14217497
D0A2,PPA,6.62501E+12,A7596,"Plug-In Unit, Electr",0,3/1/2024,14217497
D0A2,PPA,6.62501E+12,A7596,"Plug-In Unit, Electr",0,4/1/2024,14217497
D0A2,PPA,6.62501E+12,A7596,"Plug-In Unit, Electr",0,5/1/2024,14217497
D0A2,PPA,6.62501E+12,A7596,"Plug-In Unit, Electr",0,6/1/2024,14217497
D0A2,PPA,6.62501E+12,A7596,"Plug-In Unit, Electr",0,7/1/2024,14217497
D0A2,PPA,6.62501E+12,A7596,"Plug-In Unit, Electr",0,8/1/2024,14217497
D0A2,PPA,6.62501E+12,A7596,"Plug-In Unit, Electr",0,9/1/2024,14217497
D0A2,PPA,6.62501E+12,A7596,"Plug-In Unit, Electr",0,10/1/2024,14217497
D0A2,PPA,6.62501E+12,A7596,"Plug-In Unit, Electr",0,11/1/2024,14217497
D0A2,PPA,6.62501E+12,A7596,"Plug-In Unit, Electr",0,12/1/2024,14217497
D0A3,PPA,6.62501E+12,A7596,"Plug-In Unit, Electrical-Electronic",0,10/1/2023,14925646
D0A3,PPA,6.62501E+12,A7596,"Plug-In Unit, Electrical-Electronic",1,11/1/2023,14925646
D0A3,PPA,6.62501E+12,A7596,"Plug-In Unit, Electrical-Electronic",0,12/1/2023,14925646
D0A3,PPA,6.62501E+12,A7596,"Plug-In Unit, Electrical-Electronic",0,1/1/2024,14925646
D0A3,PPA,6.62501E+12,A7596,"Plug-In Unit, Electrical-Electronic",0,2/1/2024,14925646
D0A3,PPA,6.62501E+12,A7596,"Plug-In Unit, Electrical-Electronic",0,3/1/2024,14925646
D0A3,PPA,6.62501E+12,A7596,"Plug-In Unit, Electrical-Electronic",0,4/1/2024,14925646
D0A3,PPA,6.62501E+12,A7596,"Plug-In Unit, Electrical-Electronic",0,5/1/2024,14925646
D0A3,PPA,6.62501E+12,A7596,"Plug-In Unit, Electrical-Electronic",0,6/1/2024,14925646
D0A3,PPA,6.62501E+12,A7596,"Plug-In Unit, Electrical-Electronic",0,7/1/2024,14925646
D0A3,PPA,6.62501E+12,A7596,"Plug-In Unit, Electrical-Electronic",0,8/1/2024,14925646
D0A3,PPA,6.62501E+12,A7596,"Plug-In Unit, Electrical-Electronic",0,9/1/2024,14925646
D0A3,PPA,6.62501E+12,A7596,"Plug-In Unit, Electrical-Electronic",0,10/1/2024,14925646
D0A3,PPA,6.62501E+12,A7596,"Plug-In Unit, Electrical-Electronic",0,11/1/2024,14925646
D0A3,PPA,6.62501E+12,A7596,"Plug-In Unit, Electrical-Electronic",0,12/1/2024,14925646
D752,PPA,6.66002E+12,E1035,"Theodolite, Meteorological",0,10/1/2023,15066613
D752,PPA,6.66002E+12,E1035,"Theodolite, Meteorological",1,11/1/2023,15066613
D752,PPA,6.66002E+12,E1035,"Theodolite, Meteorological",0,12/1/2023,15066613
D752,PPA,6.66002E+12,E1035,"Theodolite, Meteorological",0,1/1/2024,15066613
D752,PPA,6.66002E+12,E1035,"Theodolite, Meteorological",0,2/1/2024,15066613
D752,PPA,6.66002E+12,E1035,"Theodolite, Meteorological",0,3/1/2024,15066613
D752,PPA,6.66002E+12,E1035,"Theodolite, Meteorological",0,4/1/2024,15066613
D752,PPA,6.66002E+12,E1035,"Theodolite, Meteorological",0,5/1/2024,15066613
D752,PPA,6.66002E+12,E1035,"Theodolite, Meteorological",0,6/1/2024,15066613
D752,PPA,6.66002E+12,E1035,"Theodolite, Meteorological",0,7/1/2024,15066613
D752,PPA,6.66002E+12,E1035,"Theodolite, Meteorological",0,8/1/2024,15066613
D752,PPA,6.66002E+12,E1035,"Theodolite, Meteorological",0,9/1/2024,15066613
D752,PPA,6.66002E+12,E1035,"Theodolite, Meteorological",0,10/1/2024,15066613
D752,PPA,6.66002E+12,E1035,"Theodolite, Meteorological",0,11/1/2024,15066613
D752,PPA,6.66002E+12,E1035,"Theodolite, Meteorological",0,12/1/2024,15066613
D755,PPA,1.29002E+12,E0180,"Transit, Aming Circle",5,10/1/2023,15100540
D755,PPA,1.29002E+12,E0180,"Transit, Aming Circle",5,11/1/2023,15100540
D755,PPA,1.29002E+12,E0180,"Transit, Aming Circle",8,12/1/2023,15100540
D755,PPA,1.29002E+12,E0180,"Transit, Aming Circle",7,1/1/2024,15100540
D755,PPA,1.29002E+12,E0180,"Transit, Aming Circle",0,2/1/2024,15100540
D755,PPA,1.29002E+12,E0180,"Transit, Aming Circle",0,3/1/2024,15100540
D755,PPA,1.29002E+12,E0180,"Transit, Aming Circle",0,4/1/2024,15100540
D755,PPA,1.29002E+12,E0180,"Transit, Aming Circle",0,5/1/2024,15100540
D755,PPA,1.29002E+12,E0180,"Transit, Aming Circle",0,6/1/2024,15100540
D755,PPA,1.29002E+12,E0180,"Transit, Aming Circle",0,7/1/2024,15100540
D755,PPA,1.29002E+12,E0180,"Transit, Aming Circle",0,8/1/2024,15100540
D755,PPA,1.29002E+12,E0180,"Transit, Aming Circle",0,9/1/2024,15100540
D755,PPA,1.29002E+12,E0180,"Transit, Aming Circle",0,10/1/2024,15100540
D755,PPA,1.29002E+12,E0180,"Transit, Aming Circle",0,11/1/2024,15100540
D755,PPA,1.29002E+12,E0180,"Transit, Aming Circle",0,12/1/2024,15100540
D755,PPB,1.29002E+12,E0180,"Transit, Aming Circle",6,10/1/2023,15100540
D755,PPB,1.29002E+12,E0180,"Transit, Aming Circle",6,11/1/2023,15100540
D755,PPB,1.29002E+12,E0180,"Transit, Aming Circle",7,12/1/2023,15100540
D755,PPB,1.29002E+12,E0180,"Transit, Aming Circle",0,1/1/2024,15100540
D755,PPB,1.29002E+12,E0180,"Transit, Aming Circle",0,2/1/2024,15100540
D755,PPB,1.29002E+12,E0180,"Transit, Aming Circle",0,3/1/2024,15100540
D755,PPB,1.29002E+12,E0180,"Transit, Aming Circle",0,4/1/2024,15100540
D755,PPB,1.29002E+12,E0180,"Transit, Aming Circle",0,5/1/2024,15100540
D755,PPB,1.29002E+12,E0180,"Transit, Aming Circle",0,6/1/2024,15100540
D755,PPB,1.29002E+12,E0180,"Transit, Aming Circle",0,7/1/2024,15100540
D755,PPB,1.29002E+12,E0180,"Transit, Aming Circle",0,8/1/2024,15100540
D755,PPB,1.29002E+12,E0180,"Transit, Aming Circle",0,9/1/2024,15100540
D755,PPB,1.29002E+12,E0180,"Transit, Aming Circle",0,10/1/2024,15100540
D755,PPB,1.29002E+12,E0180,"Transit, Aming Circle",0,11/1/2024,15100540
D755,PPB,1.29002E+12,E0180,"Transit, Aming Circle",0,12/1/2024,15100540
D769,PPB,1.22002E+12,E0671,Digital Fire Control System Assembly,1,10/1/2023,16473873
D769,PPB,1.22002E+12,E0671,Digital Fire Control System Assembly,0,11/1/2023,16473873
D769,PPB,1.22002E+12,E0671,Digital Fire Control System Assembly,0,12/1/2023,16473873
D769,PPB,1.22002E+12,E0671,Digital Fire Control System Assembly,0,1/1/2024,16473873
D769,PPB,1.22002E+12,E0671,Digital Fire Control System Assembly,0,2/1/2024,16473873
D769,PPB,1.22002E+12,E0671,Digital Fire Control System Assembly,0,3/1/2024,16473873
D769,PPB,1.22002E+12,E0671,Digital Fire Control System Assembly,0,4/1/2024,16473873
D769,PPB,1.22002E+12,E0671,Digital Fire Control System Assembly,0,5/1/2024,16473873
D769,PPB,1.22002E+12,E0671,Digital Fire Control System Assembly,0,6/1/2024,16473873
D769,PPB,1.22002E+12,E0671,Digital Fire Control System Assembly,0,7/1/2024,16473873
D769,PPB,1.22002E+12,E0671,Digital Fire Control System Assembly,0,8/1/2024,16473873
D769,PPB,1.22002E+12,E0671,Digital Fire Control System Assembly,0,9/1/2024,16473873
D769,PPB,1.22002E+12,E0671,Digital Fire Control System Assembly,0,10/1/2024,16473873
D769,PPB,1.22002E+12,E0671,Digital Fire Control System Assembly,0,11/1/2024,16473873
D769,PPB,1.22002E+12,E0671,Digital Fire Control System Assembly,0,12/1/2024,16473873
D776,PPA,1.44001E+12,E0942,"Armament, Control",0,10/1/2023,14583366
D776,PPA,1.44001E+12,E0942,"Armament, Control",0,11/1/2023,14583366
D776,PPA,1.44001E+12,E0942,"Armament, Control",0,12/1/2023,14583366
D776,PPA,1.44001E+12,E0942,"Armament, Control",0,1/1/2024,14583366
D776,PPA,1.44001E+12,E0942,"Armament, Control",0,2/1/2024,14583366
D776,PPA,1.44001E+12,E0942,"Armament, Control",0,3/1/2024,14583366
D776,PPA,1.44001E+12,E0942,"Armament, Control",0,4/1/2024,14583366
D776,PPA,1.44001E+12,E0942,"Armament, Control",0,5/1/2024,14583366
D776,PPA,1.44001E+12,E0942,"Armament, Control",0,6/1/2024,14583366
D776,PPA,1.44001E+12,E0942,"Armament, Control",0,7/1/2024,14583366
D776,PPA,1.44001E+12,E0942,"Armament, Control",0,8/1/2024,14583366
D776,PPA,1.44001E+12,E0942,"Armament, Control",0,9/1/2024,14583366
D776,PPA,1.44001E+12,E0942,"Armament, Control",0,10/1/2024,14583366
D776,PPA,1.44001E+12,E0942,"Armament, Control",0,11/1/2024,14583366
D776,PPA,1.44001E+12,E0942,"Armament, Control",0,12/1/2024,14583366
D785,PPA,4.91002E+12,E7903,Test Adapter Vehicle,0,10/1/2023,15991753
D785,PPA,4.91002E+12,E7903,Test Adapter Vehicle,1,11/1/2023,15991753
D785,PPA,4.91002E+12,E7903,Test Adapter Vehicle,0,12/1/2023,15991753
D785,PPA,4.91002E+12,E7903,Test Adapter Vehicle,0,1/1/2024,15991753
D785,PPA,4.91002E+12,E7903,Test Adapter Vehicle,0,2/1/2024,15991753
D785,PPA,4.91002E+12,E7903,Test Adapter Vehicle,0,3/1/2024,15991753
D785,PPA,4.91002E+12,E7903,Test Adapter Vehicle,0,4/1/2024,15991753
D785,PPA,4.91002E+12,E7903,Test Adapter Vehicle,0,5/1/2024,15991753
D785,PPA,4.91002E+12,E7903,Test Adapter Vehicle,0,6/1/2024,15991753
D785,PPA,4.91002E+12,E7903,Test Adapter Vehicle,0,7/1/2024,15991753
D785,PPA,4.91002E+12,E7903,Test Adapter Vehicle,0,8/1/2024,15991753
D785,PPA,4.91002E+12,E7903,Test Adapter Vehicle,0,9/1/2024,15991753
D785,PPA,4.91002E+12,E7903,Test Adapter Vehicle,0,10/1/2024,15991753
D785,PPA,4.91002E+12,E7903,Test Adapter Vehicle,0,11/1/2024,15991753
D785,PPA,4.91002E+12,E7903,Test Adapter Vehicle,0,12/1/2024,15991753
D798,PPA,2.81502E+12,E0947,"Engine, Diesel",0,10/1/2023,15502615
D798,PPA,2.81502E+12,E0947,"Engine, Diesel",0,11/1/2023,15502615
D798,PPA,2.81502E+12,E0947,"Engine, Diesel",0,12/1/2023,15502615
D798,PPA,2.81502E+12,E0947,"Engine, Diesel",0,1/1/2024,15502615
D798,PPA,2.81502E+12,E0947,"Engine, Diesel",0,2/1/2024,15502615
D798,PPA,2.81502E+12,E0947,"Engine, Diesel",0,3/1/2024,15502615
D798,PPA,2.81502E+12,E0947,"Engine, Diesel",0,4/1/2024,15502615
D798,PPA,2.81502E+12,E0947,"Engine, Diesel",0,5/1/2024,15502615
D798,PPA,2.81502E+12,E0947,"Engine, Diesel",0,6/1/2024,15502615
D798,PPA,2.81502E+12,E0947,"Engine, Diesel",0,7/1/2024,15502615
D798,PPA,2.81502E+12,E0947,"Engine, Diesel",0,8/1/2024,15502615
D798,PPA,2.81502E+12,E0947,"Engine, Diesel",0,9/1/2024,15502615
D798,PPA,2.81502E+12,E0947,"Engine, Diesel",0,10/1/2024,15502615
D798,PPA,2.81502E+12,E0947,"Engine, Diesel",0,11/1/2024,15502615
D798,PPA,2.81502E+12,E0947,"Engine, Diesel",0,12/1/2024,15502615
D798,PPB,2.81502E+12,E0947,"Engine, Diesel",0,10/1/2023,15502615
D798,PPB,2.81502E+12,E0947,"Engine, Diesel",0,11/1/2023,15502615
D798,PPB,2.81502E+12,E0947,"Engine, Diesel",0,12/1/2023,15502615
D798,PPB,2.81502E+12,E0947,"Engine, Diesel",0,1/1/2024,15502615
D798,PPB,2.81502E+12,E0947,"Engine, Diesel",0,2/1/2024,15502615
D798,PPB,2.81502E+12,E0947,"Engine, Diesel",0,3/1/2024,15502615
D798,PPB,2.81502E+12,E0947,"Engine, Diesel",0,4/1/2024,15502615
D798,PPB,2.81502E+12,E0947,"Engine, Diesel",0,5/1/2024,15502615
D798,PPB,2.81502E+12,E0947,"Engine, Diesel",0,6/1/2024,15502615
D798,PPB,2.81502E+12,E0947,"Engine, Diesel",0,7/1/2024,15502615
D798,PPB,2.81502E+12,E0947,"Engine, Diesel",0,8/1/2024,15502615
D798,PPB,2.81502E+12,E0947,"Engine, Diesel",0,9/1/2024,15502615
D798,PPB,2.81502E+12,E0947,"Engine, Diesel",0,10/1/2024,15502615
D798,PPB,2.81502E+12,E0947,"Engine, Diesel",0,11/1/2024,15502615
D798,PPB,2.81502E+12,E0947,"Engine, Diesel",0,12/1/2024,15502615
D7D5,PPB,7.02502E+12,E0671,"Display Unit, Chief of Section",3,10/1/2023,16473875
D7D5,PPB,7.02502E+12,E0671,"Display Unit, Chief of Section",0,11/1/2023,16473875
D7D5,PPB,7.02502E+12,E0671,"Display Unit, Chief of Section",0,12/1/2023,16473875
D7D5,PPB,7.02502E+12,E0671,"Display Unit, Chief of Section",0,1/1/2024,16473875
D7D5,PPB,7.02502E+12,E0671,"Display Unit, Chief of Section",0,2/1/2024,16473875
D7D5,PPB,7.02502E+12,E0671,"Display Unit, Chief of Section",0,3/1/2024,16473875
D7D5,PPB,7.02502E+12,E0671,"Display Unit, Chief of Section",0,4/1/2024,16473875
D7D5,PPB,7.02502E+12,E0671,"Display Unit, Chief of Section",0,5/1/2024,16473875
D7D5,PPB,7.02502E+12,E0671,"Display Unit, Chief of Section",0,6/1/2024,16473875
D7D5,PPB,7.02502E+12,E0671,"Display Unit, Chief of Section",0,7/1/2024,16473875
D7D5,PPB,7.02502E+12,E0671,"Display Unit, Chief of Section",0,8/1/2024,16473875
D7D5,PPB,7.02502E+12,E0671,"Display Unit, Chief of Section",0,9/1/2024,16473875
D7D5,PPB,7.02502E+12,E0671,"Display Unit, Chief of Section",0,10/1/2024,16473875
D7D5,PPB,7.02502E+12,E0671,"Display Unit, Chief of Section",0,11/1/2024,16473875
D7D5,PPB,7.02502E+12,E0671,"Display Unit, Chief of Section",0,12/1/2024,16473875
D815,PPA,5.98002E+12,B1583,"Control-Display, Opt",0,10/1/2023,16296933
D815,PPA,5.98002E+12,B1583,"Control-Display, Opt",0,11/1/2023,16296933
D815,PPA,5.98002E+12,B1583,"Control-Display, Opt",0,12/1/2023,16296933
D815,PPA,5.98002E+12,B1583,"Control-Display, Opt",0,1/1/2024,16296933
D815,PPA,5.98002E+12,B1583,"Control-Display, Opt",0,2/1/2024,16296933
D815,PPA,5.98002E+12,B1583,"Control-Display, Opt",0,3/1/2024,16296933
D815,PPA,5.98002E+12,B1583,"Control-Display, Opt",0,4/1/2024,16296933
D815,PPA,5.98002E+12,B1583,"Control-Display, Opt",0,5/1/2024,16296933
D815,PPA,5.98002E+12,B1583,"Control-Display, Opt",0,6/1/2024,16296933
D815,PPA,5.98002E+12,B1583,"Control-Display, Opt",0,7/1/2024,16296933
D815,PPA,5.98002E+12,B1583,"Control-Display, Opt",0,8/1/2024,16296933
D815,PPA,5.98002E+12,B1583,"Control-Display, Opt",0,9/1/2024,16296933
D815,PPA,5.98002E+12,B1583,"Control-Display, Opt",0,10/1/2024,16296933
D815,PPA,5.98002E+12,B1583,"Control-Display, Opt",0,11/1/2024,16296933
D815,PPA,5.98002E+12,B1583,"Control-Display, Opt",0,12/1/2024,16296933
D826,PPB,2.81502E+12,B0071,"Engine, Diesel",0,10/1/2023,15891633
D826,PPB,2.81502E+12,B0071,"Engine, Diesel",0,11/1/2023,15891633
D826,PPB,2.81502E+12,B0071,"Engine, Diesel",0,12/1/2023,15891633
D826,PPB,2.81502E+12,B0071,"Engine, Diesel",0,1/1/2024,15891633
D826,PPB,2.81502E+12,B0071,"Engine, Diesel",0,2/1/2024,15891633
D826,PPB,2.81502E+12,B0071,"Engine, Diesel",0,3/1/2024,15891633
D826,PPB,2.81502E+12,B0071,"Engine, Diesel",0,4/1/2024,15891633
D826,PPB,2.81502E+12,B0071,"Engine, Diesel",0,5/1/2024,15891633
D826,PPB,2.81502E+12,B0071,"Engine, Diesel",0,6/1/2024,15891633
D826,PPB,2.81502E+12,B0071,"Engine, Diesel",0,7/1/2024,15891633
D826,PPB,2.81502E+12,B0071,"Engine, Diesel",0,8/1/2024,15891633
D826,PPB,2.81502E+12,B0071,"Engine, Diesel",0,9/1/2024,15891633
D826,PPB,2.81502E+12,B0071,"Engine, Diesel",0,10/1/2024,15891633
D826,PPB,2.81502E+12,B0071,"Engine, Diesel",0,11/1/2024,15891633
D826,PPB,2.81502E+12,B0071,"Engine, Diesel",0,12/1/2024,15891633
D842,PPA,4.52002E+12,B0055,"Heater, Water, Liquid",0,10/1/2023,16313780
D842,PPA,4.52002E+12,B0055,"Heater, Water, Liquid",0,11/1/2023,16313780
D842,PPA,4.52002E+12,B0055,"Heater, Water, Liquid",0,12/1/2023,16313780
D842,PPA,4.52002E+12,B0055,"Heater, Water, Liquid",0,1/1/2024,16313780
D842,PPA,4.52002E+12,B0055,"Heater, Water, Liquid",0,2/1/2024,16313780
D842,PPA,4.52002E+12,B0055,"Heater, Water, Liquid",0,3/1/2024,16313780
D842,PPA,4.52002E+12,B0055,"Heater, Water, Liquid",0,4/1/2024,16313780
D842,PPA,4.52002E+12,B0055,"Heater, Water, Liquid",0,5/1/2024,16313780
D842,PPA,4.52002E+12,B0055,"Heater, Water, Liquid",0,6/1/2024,16313780
D842,PPA,4.52002E+12,B0055,"Heater, Water, Liquid",0,7/1/2024,16313780
D842,PPA,4.52002E+12,B0055,"Heater, Water, Liquid",0,8/1/2024,16313780
D842,PPA,4.52002E+12,B0055,"Heater, Water, Liquid",0,9/1/2024,16313780
D842,PPA,4.52002E+12,B0055,"Heater, Water, Liquid",0,10/1/2024,16313780
D842,PPA,4.52002E+12,B0055,"Heater, Water, Liquid",0,11/1/2024,16313780
D842,PPA,4.52002E+12,B0055,"Heater, Water, Liquid",0,12/1/2024,16313780
D930,PPB,1.24002E+12,E0671,"Mount, Telescope",0,10/1/2023,15158265
D930,PPB,1.24002E+12,E0671,"Mount, Telescope",0,11/1/2023,15158265
D930,PPB,1.24002E+12,E0671,"Mount, Telescope",0,12/1/2023,15158265
D930,PPB,1.24002E+12,E0671,"Mount, Telescope",0,1/1/2024,15158265
D930,PPB,1.24002E+12,E0671,"Mount, Telescope",0,2/1/2024,15158265
D930,PPB,1.24002E+12,E0671,"Mount, Telescope",0,3/1/2024,15158265
D930,PPB,1.24002E+12,E0671,"Mount, Telescope",0,4/1/2024,15158265
D930,PPB,1.24002E+12,E0671,"Mount, Telescope",0,5/1/2024,15158265
D930,PPB,1.24002E+12,E0671,"Mount, Telescope",0,6/1/2024,15158265
D930,PPB,1.24002E+12,E0671,"Mount, Telescope",0,7/1/2024,15158265
D930,PPB,1.24002E+12,E0671,"Mount, Telescope",0,8/1/2024,15158265
D930,PPB,1.24002E+12,E0671,"Mount, Telescope",0,9/1/2024,15158265
D930,PPB,1.24002E+12,E0671,"Mount, Telescope",0,10/1/2024,15158265
D930,PPB,1.24002E+12,E0671,"Mount, Telescope",0,11/1/2024,15158265
D930,PPB,1.24002E+12,E0671,"Mount, Telescope",0,12/1/2024,15158265
E032,PPB,5.82002E+12,A0097,"Vehicular, Adaptor Unit",0,10/1/2023,15709746
E032,PPB,5.82002E+12,A0097,"Vehicular, Adaptor Unit",0,11/1/2023,15709746
E032,PPB,5.82002E+12,A0097,"Vehicular, Adaptor Unit",0,12/1/2023,15709746
E032,PPB,5.82002E+12,A0097,"Vehicular, Adaptor Unit",25,1/1/2024,15709746
E032,PPB,5.82002E+12,A0097,"Vehicular, Adaptor Unit",0,2/1/2024,15709746
E032,PPB,5.82002E+12,A0097,"Vehicular, Adaptor Unit",25,3/1/2024,15709746
E032,PPB,5.82002E+12,A0097,"Vehicular, Adaptor Unit",25,4/1/2024,15709746
E032,PPB,5.82002E+12,A0097,"Vehicular, Adaptor Unit",25,5/1/2024,15709746
E032,PPB,5.82002E+12,A0097,"Vehicular, Adaptor Unit",25,6/1/2024,15709746
E032,PPB,5.82002E+12,A0097,"Vehicular, Adaptor Unit",25,7/1/2024,15709746
E032,PPB,5.82002E+12,A0097,"Vehicular, Adaptor Unit",25,8/1/2024,15709746
E032,PPB,5.82002E+12,A0097,"Vehicular, Adaptor Unit",25,9/1/2024,15709746
E032,PPB,5.82002E+12,A0097,"Vehicular, Adaptor Unit",25,10/1/2024,15709746
E032,PPB,5.82002E+12,A0097,"Vehicular, Adaptor Unit",25,11/1/2024,15709746
E032,PPB,5.82002E+12,A0097,"Vehicular, Adaptor Unit",25,12/1/2024,15709746
E097,PPA,5.99602E+12,A0331,"Amplifier, Radio",0,10/1/2023,15848748
E097,PPA,5.99602E+12,A0331,"Amplifier, Radio",0,11/1/2023,15848748
E097,PPA,5.99602E+12,A0331,"Amplifier, Radio",0,12/1/2023,15848748
E097,PPA,5.99602E+12,A0331,"Amplifier, Radio",10,1/1/2024,15848748
E097,PPA,5.99602E+12,A0331,"Amplifier, Radio",10,2/1/2024,15848748
E097,PPA,5.99602E+12,A0331,"Amplifier, Radio",10,3/1/2024,15848748
E097,PPA,5.99602E+12,A0331,"Amplifier, Radio",10,4/1/2024,15848748
E097,PPA,5.99602E+12,A0331,"Amplifier, Radio",10,5/1/2024,15848748
E097,PPA,5.99602E+12,A0331,"Amplifier, Radio",0,6/1/2024,15848748
E097,PPA,5.99602E+12,A0331,"Amplifier, Radio",0,7/1/2024,15848748
E097,PPA,5.99602E+12,A0331,"Amplifier, Radio",0,8/1/2024,15848748
E097,PPA,5.99602E+12,A0331,"Amplifier, Radio",0,9/1/2024,15848748
E097,PPA,5.99602E+12,A0331,"Amplifier, Radio",0,10/1/2024,15848748
E097,PPA,5.99602E+12,A0331,"Amplifier, Radio",0,11/1/2024,15848748
E097,PPA,5.99602E+12,A0331,"Amplifier, Radio",0,12/1/2024,15848748
E0A4,PPA,6.62501E+12,A7596,"Plug-In Unit, Electronic Test Equip",0,10/1/2023,14925557
E0A4,PPA,6.62501E+12,A7596,"Plug-In Unit, Electronic Test Equip",0,11/1/2023,14925557
E0A4,PPA,6.62501E+12,A7596,"Plug-In Unit, Electronic Test Equip",3,12/1/2023,14925557
E0A4,PPA,6.62501E+12,A7596,"Plug-In Unit, Electronic Test Equip",0,1/1/2024,14925557
E0A4,PPA,6.62501E+12,A7596,"Plug-In Unit, Electronic Test Equip",0,2/1/2024,14925557
E0A4,PPA,6.62501E+12,A7596,"Plug-In Unit, Electronic Test Equip",0,3/1/2024,14925557
E0A4,PPA,6.62501E+12,A7596,"Plug-In Unit, Electronic Test Equip",0,4/1/2024,14925557
E0A4,PPA,6.62501E+12,A7596,"Plug-In Unit, Electronic Test Equip",0,5/1/2024,14925557
E0A4,PPA,6.62501E+12,A7596,"Plug-In Unit, Electronic Test Equip",0,6/1/2024,14925557
E0A4,PPA,6.62501E+12,A7596,"Plug-In Unit, Electronic Test Equip",0,7/1/2024,14925557
E0A4,PPA,6.62501E+12,A7596,"Plug-In Unit, Electronic Test Equip",0,8/1/2024,14925557
E0A4,PPA,6.62501E+12,A7596,"Plug-In Unit, Electronic Test Equip",0,9/1/2024,14925557
E0A4,PPA,6.62501E+12,A7596,"Plug-In Unit, Electronic Test Equip",0,10/1/2024,14925557
E0A4,PPA,6.62501E+12,A7596,"Plug-In Unit, Electronic Test Equip",0,11/1/2024,14925557
E0A4,PPA,6.62501E+12,A7596,"Plug-In Unit, Electronic Test Equip",0,12/1/2024,14925557
E0A5,PPA,5.99602E+12,A0352,"Amplifier, Radio frequency",0,10/1/2023,16429980
E0A5,PPA,5.99602E+12,A0352,"Amplifier, Radio frequency",0,11/1/2023,16429980
E0A5,PPA,5.99602E+12,A0352,"Amplifier, Radio frequency",0,12/1/2023,16429980
E0A5,PPA,5.99602E+12,A0352,"Amplifier, Radio frequency",1,1/1/2024,16429980
E0A5,PPA,5.99602E+12,A0352,"Amplifier, Radio frequency",0,2/1/2024,16429980
E0A5,PPA,5.99602E+12,A0352,"Amplifier, Radio frequency",0,3/1/2024,16429980
E0A5,PPA,5.99602E+12,A0352,"Amplifier, Radio frequency",0,4/1/2024,16429980
E0A5,PPA,5.99602E+12,A0352,"Amplifier, Radio frequency",0,5/1/2024,16429980
E0A5,PPA,5.99602E+12,A0352,"Amplifier, Radio frequency",0,6/1/2024,16429980
E0A5,PPA,5.99602E+12,A0352,"Amplifier, Radio frequency",0,7/1/2024,16429980
E0A5,PPA,5.99602E+12,A0352,"Amplifier, Radio frequency",0,8/1/2024,16429980
E0A5,PPA,5.99602E+12,A0352,"Amplifier, Radio frequency",0,9/1/2024,16429980
E0A5,PPA,5.99602E+12,A0352,"Amplifier, Radio frequency",0,10/1/2024,16429980
E0A5,PPA,5.99602E+12,A0352,"Amplifier, Radio frequency",0,11/1/2024,16429980
E0A5,PPA,5.99602E+12,A0352,"Amplifier, Radio frequency",0,12/1/2024,16429980
E0A6,PPA,6.62501E+12,A7596,"Plug-In Unit, Electric",0,10/1/2023,14925302
E0A6,PPA,6.62501E+12,A7596,"Plug-In Unit, Electric",0,11/1/2023,14925302
E0A6,PPA,6.62501E+12,A7596,"Plug-In Unit, Electric",0,12/1/2023,14925302
E0A6,PPA,6.62501E+12,A7596,"Plug-In Unit, Electric",0,1/1/2024,14925302
E0A6,PPA,6.62501E+12,A7596,"Plug-In Unit, Electric",0,2/1/2024,14925302
E0A6,PPA,6.62501E+12,A7596,"Plug-In Unit, Electric",0,3/1/2024,14925302
E0A6,PPA,6.62501E+12,A7596,"Plug-In Unit, Electric",0,4/1/2024,14925302
E0A6,PPA,6.62501E+12,A7596,"Plug-In Unit, Electric",3,5/1/2024,14925302
E0A6,PPA,6.62501E+12,A7596,"Plug-In Unit, Electric",0,6/1/2024,14925302
E0A6,PPA,6.62501E+12,A7596,"Plug-In Unit, Electric",0,7/1/2024,14925302
E0A6,PPA,6.62501E+12,A7596,"Plug-In Unit, Electric",3,8/1/2024,14925302
E0A6,PPA,6.62501E+12,A7596,"Plug-In Unit, Electric",0,9/1/2024,14925302
E0A6,PPA,6.62501E+12,A7596,"Plug-In Unit, Electric",0,10/1/2024,14925302
E0A6,PPA,6.62501E+12,A7596,"Plug-In Unit, Electric",0,11/1/2024,14925302
E0A6,PPA,6.62501E+12,A7596,"Plug-In Unit, Electric",0,12/1/2024,14925302
E70S,PPA,2.81502E+12,E0947,"Engine, Diesel",0,10/1/2023,15502608
E70S,PPA,2.81502E+12,E0947,"Engine, Diesel",0,11/1/2023,15502608
E70S,PPA,2.81502E+12,E0947,"Engine, Diesel",0,12/1/2023,15502608
E70S,PPA,2.81502E+12,E0947,"Engine, Diesel",0,1/1/2024,15502608
E70S,PPA,2.81502E+12,E0947,"Engine, Diesel",0,2/1/2024,15502608
E70S,PPA,2.81502E+12,E0947,"Engine, Diesel",2,3/1/2024,15502608
E70S,PPA,2.81502E+12,E0947,"Engine, Diesel",5,4/1/2024,15502608
E70S,PPA,2.81502E+12,E0947,"Engine, Diesel",5,5/1/2024,15502608
E70S,PPA,2.81502E+12,E0947,"Engine, Diesel",4,6/1/2024,15502608
E70S,PPA,2.81502E+12,E0947,"Engine, Diesel",4,7/1/2024,15502608
E70S,PPA,2.81502E+12,E0947,"Engine, Diesel",0,8/1/2024,15502608
E70S,PPA,2.81502E+12,E0947,"Engine, Diesel",0,9/1/2024,15502608
E70S,PPA,2.81502E+12,E0947,"Engine, Diesel",0,10/1/2024,15502608
E70S,PPA,2.81502E+12,E0947,"Engine, Diesel",0,11/1/2024,15502608
E70S,PPA,2.81502E+12,E0947,"Engine, Diesel",0,12/1/2024,15502608
E766,PPB,1.02599E+12,E0671,"Buffer, Assembly, Special",0,10/1/2023,992979085
E766,PPB,1.02599E+12,E0671,"Buffer, Assembly, Special",0,11/1/2023,992979085
E766,PPB,1.02599E+12,E0671,"Buffer, Assembly, Special",0,12/1/2023,992979085
E766,PPB,1.02599E+12,E0671,"Buffer, Assembly, Special",0,1/1/2024,992979085
E766,PPB,1.02599E+12,E0671,"Buffer, Assembly, Special",0,2/1/2024,992979085
E766,PPB,1.02599E+12,E0671,"Buffer, Assembly, Special",0,3/1/2024,992979085
E766,PPB,1.02599E+12,E0671,"Buffer, Assembly, Special",0,4/1/2024,992979085
E766,PPB,1.02599E+12,E0671,"Buffer, Assembly, Special",0,5/1/2024,992979085
E766,PPB,1.02599E+12,E0671,"Buffer, Assembly, Special",2,6/1/2024,992979085
E766,PPB,1.02599E+12,E0671,"Buffer, Assembly, Special",2,7/1/2024,992979085
E766,PPB,1.02599E+12,E0671,"Buffer, Assembly, Special",2,8/1/2024,992979085
E766,PPB,1.02599E+12,E0671,"Buffer, Assembly, Special",1,9/1/2024,992979085
E766,PPB,1.02599E+12,E0671,"Buffer, Assembly, Special",0,10/1/2024,992979085
E766,PPB,1.02599E+12,E0671,"Buffer, Assembly, Special",0,11/1/2024,992979085
E766,PPB,1.02599E+12,E0671,"Buffer, Assembly, Special",0,12/1/2024,992979085
E771,PPB,3.04099E+12,E0671,"Accumulator, Hydraulic",0,10/1/2023,994887463
E771,PPB,3.04099E+12,E0671,"Accumulator, Hydraulic",0,11/1/2023,994887463
E771,PPB,3.04099E+12,E0671,"Accumulator, Hydraulic",0,12/1/2023,994887463
E771,PPB,3.04099E+12,E0671,"Accumulator, Hydraulic",0,1/1/2024,994887463
E771,PPB,3.04099E+12,E0671,"Accumulator, Hydraulic",1,2/1/2024,994887463
E771,PPB,3.04099E+12,E0671,"Accumulator, Hydraulic",1,3/1/2024,994887463
E771,PPB,3.04099E+12,E0671,"Accumulator, Hydraulic",0,4/1/2024,994887463
E771,PPB,3.04099E+12,E0671,"Accumulator, Hydraulic",0,5/1/2024,994887463
E771,PPB,3.04099E+12,E0671,"Accumulator, Hydraulic",0,6/1/2024,994887463
E771,PPB,3.04099E+12,E0671,"Accumulator, Hydraulic",0,7/1/2024,994887463
E771,PPB,3.04099E+12,E0671,"Accumulator, Hydraulic",0,8/1/2024,994887463
E771,PPB,3.04099E+12,E0671,"Accumulator, Hydraulic",0,9/1/2024,994887463
E771,PPB,3.04099E+12,E0671,"Accumulator, Hydraulic",0,10/1/2024,994887463
E771,PPB,3.04099E+12,E0671,"Accumulator, Hydraulic",0,11/1/2024,994887463
E771,PPB,3.04099E+12,E0671,"Accumulator, Hydraulic",0,12/1/2024,994887463
E772,PPB,5.999E+12,E0671,"ELEC, COMPONENT",0,10/1/2023,998407932
E772,PPB,5.999E+12,E0671,"ELEC, COMPONENT",0,11/1/2023,998407932
E772,PPB,5.999E+12,E0671,"ELEC, COMPONENT",0,12/1/2023,998407932
E772,PPB,5.999E+12,E0671,"ELEC, COMPONENT",0,1/1/2024,998407932
E772,PPB,5.999E+12,E0671,"ELEC, COMPONENT",0,2/1/2024,998407932
E772,PPB,5.999E+12,E0671,"ELEC, COMPONENT",2,3/1/2024,998407932
E772,PPB,5.999E+12,E0671,"ELEC, COMPONENT",2,4/1/2024,998407932
E772,PPB,5.999E+12,E0671,"ELEC, COMPONENT",2,5/1/2024,998407932
E772,PPB,5.999E+12,E0671,"ELEC, COMPONENT",2,6/1/2024,998407932
E772,PPB,5.999E+12,E0671,"ELEC, COMPONENT",0,7/1/2024,998407932
E772,PPB,5.999E+12,E0671,"ELEC, COMPONENT",0,8/1/2024,998407932
E772,PPB,5.999E+12,E0671,"ELEC, COMPONENT",0,9/1/2024,998407932
E772,PPB,5.999E+12,E0671,"ELEC, COMPONENT",0,10/1/2024,998407932
E772,PPB,5.999E+12,E0671,"ELEC, COMPONENT",0,11/1/2024,998407932
E772,PPB,5.999E+12,E0671,"ELEC, COMPONENT",0,12/1/2024,998407932
E776,PPA,1.44001E+12,E0942,"Armament, Control",0,10/1/2023,14583366
E776,PPA,1.44001E+12,E0942,"Armament, Control",0,11/1/2023,14583366
E776,PPA,1.44001E+12,E0942,"Armament, Control",0,12/1/2023,14583366
E776,PPA,1.44001E+12,E0942,"Armament, Control",0,1/1/2024,14583366
E776,PPA,1.44001E+12,E0942,"Armament, Control",0,2/1/2024,14583366
E776,PPA,1.44001E+12,E0942,"Armament, Control",0,3/1/2024,14583366
E776,PPA,1.44001E+12,E0942,"Armament, Control",0,4/1/2024,14583366
E776,PPA,1.44001E+12,E0942,"Armament, Control",4,5/1/2024,14583366
E776,PPA,1.44001E+12,E0942,"Armament, Control",0,6/1/2024,14583366
E776,PPA,1.44001E+12,E0942,"Armament, Control",0,7/1/2024,14583366
E776,PPA,1.44001E+12,E0942,"Armament, Control",0,8/1/2024,14583366
E776,PPA,1.44001E+12,E0942,"Armament, Control",0,9/1/2024,14583366
E776,PPA,1.44001E+12,E0942,"Armament, Control",0,10/1/2024,14583366
E776,PPA,1.44001E+12,E0942,"Armament, Control",0,11/1/2024,14583366
E776,PPA,1.44001E+12,E0942,"Armament, Control",0,12/1/2024,14583366
E7D5,PPB,7.02502E+12,E0671,"Display Unit, Chief of Section",0,10/1/2023,16473875
E7D5,PPB,7.02502E+12,E0671,"Display Unit, Chief of Section",0,11/1/2023,16473875
E7D5,PPB,7.02502E+12,E0671,"Display Unit, Chief of Section",0,12/1/2023,16473875
E7D5,PPB,7.02502E+12,E0671,"Display Unit, Chief of Section",0,1/1/2024,16473875
E7D5,PPB,7.02502E+12,E0671,"Display Unit, Chief of Section",0,2/1/2024,16473875
E7D5,PPB,7.02502E+12,E0671,"Display Unit, Chief of Section",4,3/1/2024,16473875
E7D5,PPB,7.02502E+12,E0671,"Display Unit, Chief of Section",2,4/1/2024,16473875
E7D5,PPB,7.02502E+12,E0671,"Display Unit, Chief of Section",0,5/1/2024,16473875
E7D5,PPB,7.02502E+12,E0671,"Display Unit, Chief of Section",0,6/1/2024,16473875
E7D5,PPB,7.02502E+12,E0671,"Display Unit, Chief of Section",0,7/1/2024,16473875
E7D5,PPB,7.02502E+12,E0671,"Display Unit, Chief of Section",0,8/1/2024,16473875
E7D5,PPB,7.02502E+12,E0671,"Display Unit, Chief of Section",0,9/1/2024,16473875
E7D5,PPB,7.02502E+12,E0671,"Display Unit, Chief of Section",0,10/1/2024,16473875
E7D5,PPB,7.02502E+12,E0671,"Display Unit, Chief of Section",0,11/1/2024,16473875
E7D5,PPB,7.02502E+12,E0671,"Display Unit, Chief of Section",0,12/1/2024,16473875
E930,PPB,1.24002E+12,E0671,"Mount, Telescope",0,10/1/2023,15158265
E930,PPB,1.24002E+12,E0671,"Mount, Telescope",0,11/1/2023,15158265
E930,PPB,1.24002E+12,E0671,"Mount, Telescope",0,12/1/2023,15158265
E930,PPB,1.24002E+12,E0671,"Mount, Telescope",0,1/1/2024,15158265
E930,PPB,1.24002E+12,E0671,"Mount, Telescope",0,2/1/2024,15158265
E930,PPB,1.24002E+12,E0671,"Mount, Telescope",2,3/1/2024,15158265
E930,PPB,1.24002E+12,E0671,"Mount, Telescope",2,4/1/2024,15158265
E930,PPB,1.24002E+12,E0671,"Mount, Telescope",2,5/1/2024,15158265
E930,PPB,1.24002E+12,E0671,"Mount, Telescope",2,6/1/2024,15158265
E930,PPB,1.24002E+12,E0671,"Mount, Telescope",2,7/1/2024,15158265
E930,PPB,1.24002E+12,E0671,"Mount, Telescope",2,8/1/2024,15158265
E930,PPB,1.24002E+12,E0671,"Mount, Telescope",0,9/1/2024,15158265
E930,PPB,1.24002E+12,E0671,"Mount, Telescope",0,10/1/2024,15158265
E930,PPB,1.24002E+12,E0671,"Mount, Telescope",0,11/1/2024,15158265
E930,PPB,1.24002E+12,E0671,"Mount, Telescope",0,12/1/2024,15158265
L461,PPB,1.22002E+12,E0671,Digital Fire Control System Assembly,0,10/1/2023,16473873
L461,PPB,1.22002E+12,E0671,Digital Fire Control System Assembly,0,11/1/2023,16473873
L461,PPB,1.22002E+12,E0671,Digital Fire Control System Assembly,0,12/1/2023,16473873
L461,PPB,1.22002E+12,E0671,Digital Fire Control System Assembly,0,1/1/2024,16473873
L461,PPB,1.22002E+12,E0671,Digital Fire Control System Assembly,0,2/1/2024,16473873
L461,PPB,1.22002E+12,E0671,Digital Fire Control System Assembly,2,3/1/2024,16473873
L461,PPB,1.22002E+12,E0671,Digital Fire Control System Assembly,4,4/1/2024,16473873
L461,PPB,1.22002E+12,E0671,Digital Fire Control System Assembly,4,5/1/2024,16473873
L461,PPB,1.22002E+12,E0671,Digital Fire Control System Assembly,4,6/1/2024,16473873
L461,PPB,1.22002E+12,E0671,Digital Fire Control System Assembly,4,7/1/2024,16473873
L461,PPB,1.22002E+12,E0671,Digital Fire Control System Assembly,4,8/1/2024,16473873
L461,PPB,1.22002E+12,E0671,Digital Fire Control System Assembly,0,9/1/2024,16473873
L461,PPB,1.22002E+12,E0671,Digital Fire Control System Assembly,0,10/1/2024,16473873
L461,PPB,1.22002E+12,E0671,Digital Fire Control System Assembly,0,11/1/2024,16473873
L461,PPB,1.22002E+12,E0671,Digital Fire Control System Assembly,0,12/1/2024,16473873
L463,PPB,5.999E+12,E0671,"ELEC, COMPONENT",0,10/1/2023,998407932
L463,PPB,5.999E+12,E0671,"ELEC, COMPONENT",0,11/1/2023,998407932
L463,PPB,5.999E+12,E0671,"ELEC, COMPONENT",0,12/1/2023,998407932
L463,PPB,5.999E+12,E0671,"ELEC, COMPONENT",0,1/1/2024,998407932
L463,PPB,5.999E+12,E0671,"ELEC, COMPONENT",0,2/1/2024,998407932
L463,PPB,5.999E+12,E0671,"ELEC, COMPONENT",5,3/1/2024,998407932
L463,PPB,5.999E+12,E0671,"ELEC, COMPONENT",5,4/1/2024,998407932
L463,PPB,5.999E+12,E0671,"ELEC, COMPONENT",5,5/1/2024,998407932
L463,PPB,5.999E+12,E0671,"ELEC, COMPONENT",0,6/1/2024,998407932
L463,PPB,5.999E+12,E0671,"ELEC, COMPONENT",0,7/1/2024,998407932
L463,PPB,5.999E+12,E0671,"ELEC, COMPONENT",0,8/1/2024,998407932
L463,PPB,5.999E+12,E0671,"ELEC, COMPONENT",0,9/1/2024,998407932
L463,PPB,5.999E+12,E0671,"ELEC, COMPONENT",0,10/1/2024,998407932
L463,PPB,5.999E+12,E0671,"ELEC, COMPONENT",0,11/1/2024,998407932
L463,PPB,5.999E+12,E0671,"ELEC, COMPONENT",0,12/1/2024,998407932
L464,PPB,7.02502E+12,E0671,"Display Unit, Chief of Section",0,10/1/2023,16473875
L464,PPB,7.02502E+12,E0671,"Display Unit, Chief of Section",0,11/1/2023,16473875
L464,PPB,7.02502E+12,E0671,"Display Unit, Chief of Section",0,12/1/2023,16473875
L464,PPB,7.02502E+12,E0671,"Display Unit, Chief of Section",0,1/1/2024,16473875
L464,PPB,7.02502E+12,E0671,"Display Unit, Chief of Section",0,2/1/2024,16473875
L464,PPB,7.02502E+12,E0671,"Display Unit, Chief of Section",6,3/1/2024,16473875
L464,PPB,7.02502E+12,E0671,"Display Unit, Chief of Section",7,4/1/2024,16473875
L464,PPB,7.02502E+12,E0671,"Display Unit, Chief of Section",0,5/1/2024,16473875
L464,PPB,7.02502E+12,E0671,"Display Unit, Chief of Section",0,6/1/2024,16473875
L464,PPB,7.02502E+12,E0671,"Display Unit, Chief of Section",0,7/1/2024,16473875
L464,PPB,7.02502E+12,E0671,"Display Unit, Chief of Section",0,8/1/2024,16473875
L464,PPB,7.02502E+12,E0671,"Display Unit, Chief of Section",0,9/1/2024,16473875
L464,PPB,7.02502E+12,E0671,"Display Unit, Chief of Section",0,10/1/2024,16473875
L464,PPB,7.02502E+12,E0671,"Display Unit, Chief of Section",0,11/1/2024,16473875
L464,PPB,7.02502E+12,E0671,"Display Unit, Chief of Section",0,12/1/2024,16473875
L465,PPB,5.89502E+12,E0671,"Enclosure Assembly, Radio",0,10/1/2023,16647511
L465,PPB,5.89502E+12,E0671,"Enclosure Assembly, Radio",0,11/1/2023,16647511
L465,PPB,5.89502E+12,E0671,"Enclosure Assembly, Radio",0,12/1/2023,16647511
L465,PPB,5.89502E+12,E0671,"Enclosure Assembly, Radio",0,1/1/2024,16647511
L465,PPB,5.89502E+12,E0671,"Enclosure Assembly, Radio",0,2/1/2024,16647511
L465,PPB,5.89502E+12,E0671,"Enclosure Assembly, Radio",3,3/1/2024,16647511
L465,PPB,5.89502E+12,E0671,"Enclosure Assembly, Radio",0,4/1/2024,16647511
L465,PPB,5.89502E+12,E0671,"Enclosure Assembly, Radio",0,5/1/2024,16647511
L465,PPB,5.89502E+12,E0671,"Enclosure Assembly, Radio",0,6/1/2024,16647511
L465,PPB,5.89502E+12,E0671,"Enclosure Assembly, Radio",0,7/1/2024,16647511
L465,PPB,5.89502E+12,E0671,"Enclosure Assembly, Radio",0,8/1/2024,16647511
L465,PPB,5.89502E+12,E0671,"Enclosure Assembly, Radio",0,9/1/2024,16647511
L465,PPB,5.89502E+12,E0671,"Enclosure Assembly, Radio",0,10/1/2024,16647511
L465,PPB,5.89502E+12,E0671,"Enclosure Assembly, Radio",0,11/1/2024,16647511
L465,PPB,5.89502E+12,E0671,"Enclosure Assembly, Radio",0,12/1/2024,16647511
M80C,DMISA,2.80502E+12,C4548,"Engine, Outboard Multi Fuel",0,10/1/2023,15556505
M80C,DMISA,2.80502E+12,C4548,"Engine, Outboard Multi Fuel",0,11/1/2023,15556505
M80C,DMISA,2.80502E+12,C4548,"Engine, Outboard Multi Fuel",0,12/1/2023,15556505
M80C,DMISA,2.80502E+12,C4548,"Engine, Outboard Multi Fuel",0,1/1/2024,15556505
M80C,DMISA,2.80502E+12,C4548,"Engine, Outboard Multi Fuel",0,2/1/2024,15556505
M80C,DMISA,2.80502E+12,C4548,"Engine, Outboard Multi Fuel",0,3/1/2024,15556505
M80C,DMISA,2.80502E+12,C4548,"Engine, Outboard Multi Fuel",0,4/1/2024,15556505
M80C,DMISA,2.80502E+12,C4548,"Engine, Outboard Multi Fuel",0,5/1/2024,15556505
M80C,DMISA,2.80502E+12,C4548,"Engine, Outboard Multi Fuel",0,6/1/2024,15556505
M80C,DMISA,2.80502E+12,C4548,"Engine, Outboard Multi Fuel",0,7/1/2024,15556505
M80C,DMISA,2.80502E+12,C4548,"Engine, Outboard Multi Fuel",0,8/1/2024,15556505
M80C,DMISA,2.80502E+12,C4548,"Engine, Outboard Multi Fuel",0,9/1/2024,15556505
M80C,DMISA,2.80502E+12,C4548,"Engine, Outboard Multi Fuel",0,10/1/2024,15556505
M80C,DMISA,2.80502E+12,C4548,"Engine, Outboard Multi Fuel",0,11/1/2024,15556505
M80C,DMISA,2.80502E+12,C4548,"Engine, Outboard Multi Fuel",0,12/1/2024,15556505
R2AA,DMISA,5.98502E+12,A0169,Antenna,0,10/1/2023,15821343
R2AA,DMISA,5.98502E+12,A0169,Antenna,0,11/1/2023,15821343
R2AA,DMISA,5.98502E+12,A0169,Antenna,0,12/1/2023,15821343
R2AA,DMISA,5.98502E+12,A0169,Antenna,0,1/1/2024,15821343
R2AA,DMISA,5.98502E+12,A0169,Antenna,0,2/1/2024,15821343
R2AA,DMISA,5.98502E+12,A0169,Antenna,0,3/1/2024,15821343
R2AA,DMISA,5.98502E+12,A0169,Antenna,0,4/1/2024,15821343
R2AA,DMISA,5.98502E+12,A0169,Antenna,40,5/1/2024,15821343
R2AA,DMISA,5.98502E+12,A0169,Antenna,40,6/1/2024,15821343
R2AA,DMISA,5.98502E+12,A0169,Antenna,40,7/1/2024,15821343
R2AA,DMISA,5.98502E+12,A0169,Antenna,40,8/1/2024,15821343
R2AA,DMISA,5.98502E+12,A0169,Antenna,40,9/1/2024,15821343
R2AA,DMISA,5.98502E+12,A0169,Antenna,0,10/1/2024,15821343
R2AA,DMISA,5.98502E+12,A0169,Antenna,0,11/1/2024,15821343
R2AA,DMISA,5.98502E+12,A0169,Antenna,0,12/1/2024,15821343
R379,PPA,6.675E+12,,Clinometers,0,10/1/2023,2932930
R379,PPA,6.675E+12,,Clinometers,2,11/1/2023,2932930
R379,PPA,6.675E+12,,Clinometers,0,12/1/2023,2932930
R379,PPA,6.675E+12,,Clinometers,2,1/1/2024,2932930
R379,PPA,6.675E+12,,Clinometers,0,2/1/2024,2932930
R379,PPA,6.675E+12,,Clinometers,2,3/1/2024,2932930
R379,PPA,6.675E+12,,Clinometers,0,4/1/2024,2932930
R379,PPA,6.675E+12,,Clinometers,2,5/1/2024,2932930
R379,PPA,6.675E+12,,Clinometers,0,6/1/2024,2932930
R379,PPA,6.675E+12,,Clinometers,0,7/1/2024,2932930
R379,PPA,6.675E+12,,Clinometers,0,8/1/2024,2932930
R379,PPA,6.675E+12,,Clinometers,0,9/1/2024,2932930
R379,PPA,6.675E+12,,Clinometers,0,10/1/2024,2932930
R379,PPA,6.675E+12,,Clinometers,0,11/1/2024,2932930
R379,PPA,6.675E+12,,Clinometers,0,12/1/2024,2932930
R380,PPA,4.933E+12,,"Fixture, Checking, Guide Bar Housing",0,10/1/2023,1441857
R380,PPA,4.933E+12,,"Fixture, Checking, Guide Bar Housing",0,11/1/2023,1441857
R380,PPA,4.933E+12,,"Fixture, Checking, Guide Bar Housing",1,12/1/2023,1441857
R380,PPA,4.933E+12,,"Fixture, Checking, Guide Bar Housing",0,1/1/2024,1441857
R380,PPA,4.933E+12,,"Fixture, Checking, Guide Bar Housing",1,2/1/2024,1441857
R380,PPA,4.933E+12,,"Fixture, Checking, Guide Bar Housing",0,3/1/2024,1441857
R380,PPA,4.933E+12,,"Fixture, Checking, Guide Bar Housing",0,4/1/2024,1441857
R380,PPA,4.933E+12,,"Fixture, Checking, Guide Bar Housing",0,5/1/2024,1441857
R380,PPA,4.933E+12,,"Fixture, Checking, Guide Bar Housing",0,6/1/2024,1441857
R380,PPA,4.933E+12,,"Fixture, Checking, Guide Bar Housing",0,7/1/2024,1441857
R380,PPA,4.933E+12,,"Fixture, Checking, Guide Bar Housing",0,8/1/2024,1441857
R380,PPA,4.933E+12,,"Fixture, Checking, Guide Bar Housing",0,9/1/2024,1441857
R380,PPA,4.933E+12,,"Fixture, Checking, Guide Bar Housing",0,10/1/2024,1441857
R380,PPA,4.933E+12,,"Fixture, Checking, Guide Bar Housing",0,11/1/2024,1441857
R380,PPA,4.933E+12,,"Fixture, Checking, Guide Bar Housing",0,12/1/2024,1441857
R397,PPA,4.92001E+12,,"Fixture, Aircraft Maintenance",1,10/1/2023,11063361
R397,PPA,4.92001E+12,,"Fixture, Aircraft Maintenance",0,11/1/2023,11063361
R397,PPA,4.92001E+12,,"Fixture, Aircraft Maintenance",1,12/1/2023,11063361
R397,PPA,4.92001E+12,,"Fixture, Aircraft Maintenance",0,1/1/2024,11063361
R397,PPA,4.92001E+12,,"Fixture, Aircraft Maintenance",1,2/1/2024,11063361
R397,PPA,4.92001E+12,,"Fixture, Aircraft Maintenance",0,3/1/2024,11063361
R397,PPA,4.92001E+12,,"Fixture, Aircraft Maintenance",1,4/1/2024,11063361
R397,PPA,4.92001E+12,,"Fixture, Aircraft Maintenance",0,5/1/2024,11063361
R397,PPA,4.92001E+12,,"Fixture, Aircraft Maintenance",0,6/1/2024,11063361
R397,PPA,4.92001E+12,,"Fixture, Aircraft Maintenance",0,7/1/2024,11063361
R397,PPA,4.92001E+12,,"Fixture, Aircraft Maintenance",0,8/1/2024,11063361
R397,PPA,4.92001E+12,,"Fixture, Aircraft Maintenance",0,9/1/2024,11063361
R397,PPA,4.92001E+12,,"Fixture, Aircraft Maintenance",0,10/1/2024,11063361
R397,PPA,4.92001E+12,,"Fixture, Aircraft Maintenance",0,11/1/2024,11063361
R397,PPA,4.92001E+12,,"Fixture, Aircraft Maintenance",0,12/1/2024,11063361
R3A7,PPA,4.92E+12,,Boresight Equipment,0,10/1/2023,1616963
R3A7,PPA,4.92E+12,,Boresight Equipment,0,11/1/2023,1616963
R3A7,PPA,4.92E+12,,Boresight Equipment,1,12/1/2023,1616963
R3A7,PPA,4.92E+12,,Boresight Equipment,0,1/1/2024,1616963
R3A7,PPA,4.92E+12,,Boresight Equipment,0,2/1/2024,1616963
R3A7,PPA,4.92E+12,,Boresight Equipment,0,3/1/2024,1616963
R3A7,PPA,4.92E+12,,Boresight Equipment,0,4/1/2024,1616963
R3A7,PPA,4.92E+12,,Boresight Equipment,0,5/1/2024,1616963
R3A7,PPA,4.92E+12,,Boresight Equipment,0,6/1/2024,1616963
R3A7,PPA,4.92E+12,,Boresight Equipment,0,7/1/2024,1616963
R3A7,PPA,4.92E+12,,Boresight Equipment,0,8/1/2024,1616963
R3A7,PPA,4.92E+12,,Boresight Equipment,0,9/1/2024,1616963
R3A7,PPA,4.92E+12,,Boresight Equipment,0,10/1/2024,1616963
R3A7,PPA,4.92E+12,,Boresight Equipment,0,11/1/2024,1616963
R3A7,PPA,4.92E+12,,Boresight Equipment,0,12/1/2024,1616963
R479,PPA,6.675E+12,,Clinometers,0,10/1/2023,2932930
R479,PPA,6.675E+12,,Clinometers,1,11/1/2023,2932930
R479,PPA,6.675E+12,,Clinometers,0,12/1/2023,2932930
R479,PPA,6.675E+12,,Clinometers,0,1/1/2024,2932930
R479,PPA,6.675E+12,,Clinometers,0,2/1/2024,2932930
R479,PPA,6.675E+12,,Clinometers,0,3/1/2024,2932930
R479,PPA,6.675E+12,,Clinometers,0,4/1/2024,2932930
R479,PPA,6.675E+12,,Clinometers,0,5/1/2024,2932930
R479,PPA,6.675E+12,,Clinometers,0,6/1/2024,2932930
R479,PPA,6.675E+12,,Clinometers,0,7/1/2024,2932930
R479,PPA,6.675E+12,,Clinometers,0,8/1/2024,2932930
R479,PPA,6.675E+12,,Clinometers,0,9/1/2024,2932930
R479,PPA,6.675E+12,,Clinometers,0,10/1/2024,2932930
R479,PPA,6.675E+12,,Clinometers,0,11/1/2024,2932930
R479,PPA,6.675E+12,,Clinometers,0,12/1/2024,2932930
R480,PPA,4.933E+12,,"Fixture, Checking, Guide Bar Housing",0,10/1/2023,1441857
R480,PPA,4.933E+12,,"Fixture, Checking, Guide Bar Housing",1,11/1/2023,1441857
R480,PPA,4.933E+12,,"Fixture, Checking, Guide Bar Housing",0,12/1/2023,1441857
R480,PPA,4.933E+12,,"Fixture, Checking, Guide Bar Housing",0,1/1/2024,1441857
R480,PPA,4.933E+12,,"Fixture, Checking, Guide Bar Housing",0,2/1/2024,1441857
R480,PPA,4.933E+12,,"Fixture, Checking, Guide Bar Housing",0,3/1/2024,1441857
R480,PPA,4.933E+12,,"Fixture, Checking, Guide Bar Housing",0,4/1/2024,1441857
R480,PPA,4.933E+12,,"Fixture, Checking, Guide Bar Housing",0,5/1/2024,1441857
R480,PPA,4.933E+12,,"Fixture, Checking, Guide Bar Housing",0,6/1/2024,1441857
R480,PPA,4.933E+12,,"Fixture, Checking, Guide Bar Housing",0,7/1/2024,1441857
R480,PPA,4.933E+12,,"Fixture, Checking, Guide Bar Housing",0,8/1/2024,1441857
R480,PPA,4.933E+12,,"Fixture, Checking, Guide Bar Housing",0,9/1/2024,1441857
R480,PPA,4.933E+12,,"Fixture, Checking, Guide Bar Housing",0,10/1/2024,1441857
R480,PPA,4.933E+12,,"Fixture, Checking, Guide Bar Housing",0,11/1/2024,1441857
R480,PPA,4.933E+12,,"Fixture, Checking, Guide Bar Housing",0,12/1/2024,1441857
R497,PPA,4.92001E+12,,"Fixture, Aircraft Maintenance",0,10/1/2023,11063361
R497,PPA,4.92001E+12,,"Fixture, Aircraft Maintenance",1,11/1/2023,11063361
R497,PPA,4.92001E+12,,"Fixture, Aircraft Maintenance",0,12/1/2023,11063361
R497,PPA,4.92001E+12,,"Fixture, Aircraft Maintenance",0,1/1/2024,11063361
R497,PPA,4.92001E+12,,"Fixture, Aircraft Maintenance",0,2/1/2024,11063361
R497,PPA,4.92001E+12,,"Fixture, Aircraft Maintenance",0,3/1/2024,11063361
R497,PPA,4.92001E+12,,"Fixture, Aircraft Maintenance",0,4/1/2024,11063361
R497,PPA,4.92001E+12,,"Fixture, Aircraft Maintenance",0,5/1/2024,11063361
R497,PPA,4.92001E+12,,"Fixture, Aircraft Maintenance",0,6/1/2024,11063361
R497,PPA,4.92001E+12,,"Fixture, Aircraft Maintenance",0,7/1/2024,11063361
R497,PPA,4.92001E+12,,"Fixture, Aircraft Maintenance",0,8/1/2024,11063361
R497,PPA,4.92001E+12,,"Fixture, Aircraft Maintenance",0,9/1/2024,11063361
R497,PPA,4.92001E+12,,"Fixture, Aircraft Maintenance",0,10/1/2024,11063361
R497,PPA,4.92001E+12,,"Fixture, Aircraft Maintenance",0,11/1/2024,11063361
R497,PPA,4.92001E+12,,"Fixture, Aircraft Maintenance",0,12/1/2024,11063361
V413,PPA,6.62501E+12,,Multiproduct Calibrator,0,10/1/2023,14962745
V413,PPA,6.62501E+12,,Multiproduct Calibrator,1,11/1/2023,14962745
V413,PPA,6.62501E+12,,Multiproduct Calibrator,0,12/1/2023,14962745
V413,PPA,6.62501E+12,,Multiproduct Calibrator,0,1/1/2024,14962745
V413,PPA,6.62501E+12,,Multiproduct Calibrator,0,2/1/2024,14962745
V413,PPA,6.62501E+12,,Multiproduct Calibrator,0,3/1/2024,14962745
V413,PPA,6.62501E+12,,Multiproduct Calibrator,0,4/1/2024,14962745
V413,PPA,6.62501E+12,,Multiproduct Calibrator,0,5/1/2024,14962745
V413,PPA,6.62501E+12,,Multiproduct Calibrator,0,6/1/2024,14962745
V413,PPA,6.62501E+12,,Multiproduct Calibrator,0,7/1/2024,14962745
V413,PPA,6.62501E+12,,Multiproduct Calibrator,0,8/1/2024,14962745
V413,PPA,6.62501E+12,,Multiproduct Calibrator,0,9/1/2024,14962745
V413,PPA,6.62501E+12,,Multiproduct Calibrator,0,10/1/2024,14962745
V413,PPA,6.62501E+12,,Multiproduct Calibrator,0,11/1/2024,14962745
V413,PPA,6.62501E+12,,Multiproduct Calibrator,0,12/1/2024,14962745
W375,PPA,8.12002E+12,,"Cylinder, Compressed Gas",0,10/1/2023,15271059
W375,PPA,8.12002E+12,,"Cylinder, Compressed Gas",4,11/1/2023,15271059
W375,PPA,8.12002E+12,,"Cylinder, Compressed Gas",0,12/1/2023,15271059
W375,PPA,8.12002E+12,,"Cylinder, Compressed Gas",0,1/1/2024,15271059
W375,PPA,8.12002E+12,,"Cylinder, Compressed Gas",0,2/1/2024,15271059
W375,PPA,8.12002E+12,,"Cylinder, Compressed Gas",0,3/1/2024,15271059
W375,PPA,8.12002E+12,,"Cylinder, Compressed Gas",0,4/1/2024,15271059
W375,PPA,8.12002E+12,,"Cylinder, Compressed Gas",0,5/1/2024,15271059
W375,PPA,8.12002E+12,,"Cylinder, Compressed Gas",0,6/1/2024,15271059
W375,PPA,8.12002E+12,,"Cylinder, Compressed Gas",0,7/1/2024,15271059
W375,PPA,8.12002E+12,,"Cylinder, Compressed Gas",0,8/1/2024,15271059
W375,PPA,8.12002E+12,,"Cylinder, Compressed Gas",0,9/1/2024,15271059
W375,PPA,8.12002E+12,,"Cylinder, Compressed Gas",0,10/1/2024,15271059
W375,PPA,8.12002E+12,,"Cylinder, Compressed Gas",0,11/1/2024,15271059
W375,PPA,8.12002E+12,,"Cylinder, Compressed Gas",0,12/1/2024,15271059
