MWSLIN,SOR,NSN,NIIN,TAMCN,NOMENCLATURE,Qty,Report Date
C768,PPA,1.24E+12,15541735,E0846,Thermal Elbow Assembly TSS,0,10/1/2023
C768,PPA,1.24E+12,15541735,E0846,Thermal Elbow Assembly TSS,0,11/1/2023
C768,PPA,1.24E+12,15541735,E0846,Thermal Elbow Assembly TSS,0,12/1/2023
C768,PPA,1.24E+12,15541735,E0846,Thermal Elbow Assembly TSS,12,1/1/2024
C768,PPA,1.24E+12,15541735,E0846,Thermal Elbow Assembly TSS,0,2/1/2024
C768,PPA,1.24E+12,15541735,E0846,Thermal Elbow Assembly TSS,0,3/1/2024
C768,PPA,1.24E+12,15541735,E0846,Thermal Elbow Assembly TSS,0,4/1/2024
C768,PPA,1.24E+12,15541735,E0846,Thermal Elbow Assembly TSS,0,5/1/2024
C768,PPA,1.24E+12,15541735,E0846,Thermal Elbow Assembly TSS,0,6/1/2024
C768,PPA,1.24E+12,15541735,E0846,Thermal Elbow Assembly TSS,0,7/1/2024
C768,PPA,1.24E+12,15541735,E0846,Thermal Elbow Assembly TSS,0,8/1/2024
C768,PPA,1.24E+12,15541735,E0846,Thermal Elbow Assembly TSS,0,9/1/2024
C768,PPA,1.24E+12,15541735,E0846,Thermal Elbow Assembly TSS,0,10/1/2024
C768,PPA,1.24E+12,15541735,E0846,Thermal Elbow Assembly TSS,0,11/1/2024
C768,PPA,1.24E+12,15541735,E0846,Thermal Elbow Assembly TSS,0,12/1/2024
D009,PPB,5.90E+12,15525616,A0123,"Console, Communications",12,10/1/2023
D009,PPB,5.90E+12,15525616,A0123,"Console, Communications",3,11/1/2023
D009,PPB,5.90E+12,15525616,A0123,"Console, Communications",0,12/1/2023
D009,PPB,5.90E+12,15525616,A0123,"Console, Communications",0,1/1/2024
D009,PPB,5.90E+12,15525616,A0123,"Console, Communications",0,2/1/2024
D009,PPB,5.90E+12,15525616,A0123,"Console, Communications",0,3/1/2024
D009,PPB,5.90E+12,15525616,A0123,"Console, Communications",0,4/1/2024
D009,PPB,5.90E+12,15525616,A0123,"Console, Communications",0,5/1/2024
D009,PPB,5.90E+12,15525616,A0123,"Console, Communications",0,6/1/2024
D009,PPB,5.90E+12,15525616,A0123,"Console, Communications",0,7/1/2024
D009,PPB,5.90E+12,15525616,A0123,"Console, Communications",0,8/1/2024
D009,PPB,5.90E+12,15525616,A0123,"Console, Communications",0,9/1/2024
D009,PPB,5.90E+12,15525616,A0123,"Console, Communications",0,10/1/2024
D009,PPB,5.90E+12,15525616,A0123,"Console, Communications",0,11/1/2024
D009,PPB,5.90E+12,15525616,A0123,"Console, Communications",0,12/1/2024
D046,PPA,5.82E+12,200058054,A0153,"Receiver-Transmitter, Radio",0,10/1/2023
D046,PPA,5.82E+12,200058054,A0153,"Receiver-Transmitter, Radio",0,11/1/2023
D046,PPA,5.82E+12,200058054,A0153,"Receiver-Transmitter, Radio",0,12/1/2023
D046,PPA,5.82E+12,200058054,A0153,"Receiver-Transmitter, Radio",0,1/1/2024
D046,PPA,5.82E+12,200058054,A0153,"Receiver-Transmitter, Radio",0,2/1/2024
D046,PPA,5.82E+12,200058054,A0153,"Receiver-Transmitter, Radio",0,3/1/2024
D046,PPA,5.82E+12,200058054,A0153,"Receiver-Transmitter, Radio",0,4/1/2024
D046,PPA,5.82E+12,200058054,A0153,"Receiver-Transmitter, Radio",0,5/1/2024
D046,PPA,5.82E+12,200058054,A0153,"Receiver-Transmitter, Radio",0,6/1/2024
D046,PPA,5.82E+12,200058054,A0153,"Receiver-Transmitter, Radio",0,7/1/2024
D046,PPA,5.82E+12,200058054,A0153,"Receiver-Transmitter, Radio",0,8/1/2024
D046,PPA,5.82E+12,200058054,A0153,"Receiver-Transmitter, Radio",0,9/1/2024
D046,PPA,5.82E+12,200058054,A0153,"Receiver-Transmitter, Radio",0,10/1/2024
D046,PPA,5.82E+12,200058054,A0153,"Receiver-Transmitter, Radio",0,11/1/2024
D046,PPA,5.82E+12,200058054,A0153,"Receiver-Transmitter, Radio",0,12/1/2024
D052,PPA,6.00E+12,11423769,A2179,Electronic Component,0,10/1/2023
D052,PPA,6.00E+12,11423769,A2179,Electronic Component,0,11/1/2023
D052,PPA,6.00E+12,11423769,A2179,Electronic Component,0,12/1/2023
D052,PPA,6.00E+12,11423769,A2179,Electronic Component,0,1/1/2024
D052,PPA,6.00E+12,11423769,A2179,Electronic Component,0,2/1/2024
D052,PPA,6.00E+12,11423769,A2179,Electronic Component,0,3/1/2024
D052,PPA,6.00E+12,11423769,A2179,Electronic Component,0,4/1/2024
D052,PPA,6.00E+12,11423769,A2179,Electronic Component,0,5/1/2024
D052,PPA,6.00E+12,11423769,A2179,Electronic Component,0,6/1/2024
D052,PPA,6.00E+12,11423769,A2179,Electronic Component,0,7/1/2024
D052,PPA,6.00E+12,11423769,A2179,Electronic Component,0,8/1/2024
D052,PPA,6.00E+12,11423769,A2179,Electronic Component,0,9/1/2024
D052,PPA,6.00E+12,11423769,A2179,Electronic Component,0,10/1/2024
D052,PPA,6.00E+12,11423769,A2179,Electronic Component,0,11/1/2024
D052,PPA,6.00E+12,11423769,A2179,Electronic Component,0,12/1/2024
D081,PPA,6.63E+12,14778172,A7420,"Generator, Function, Electronic :33250A",0,10/1/2023
D081,PPA,6.63E+12,14778172,A7420,"Generator, Function, Electronic :33250A",0,11/1/2023
D081,PPA,6.63E+12,14778172,A7420,"Generator, Function, Electronic :33250A",0,12/1/2023
D081,PPA,6.63E+12,14778172,A7420,"Generator, Function, Electronic :33250A",0,1/1/2024
D081,PPA,6.63E+12,14778172,A7420,"Generator, Function, Electronic :33250A",0,2/1/2024
D081,PPA,6.63E+12,14778172,A7420,"Generator, Function, Electronic :33250A",0,3/1/2024
D081,PPA,6.63E+12,14778172,A7420,"Generator, Function, Electronic :33250A",0,4/1/2024
D081,PPA,6.63E+12,14778172,A7420,"Generator, Function, Electronic :33250A",0,5/1/2024
D081,PPA,6.63E+12,14778172,A7420,"Generator, Function, Electronic :33250A",0,6/1/2024
D081,PPA,6.63E+12,14778172,A7420,"Generator, Function, Electronic :33250A",0,7/1/2024
D081,PPA,6.63E+12,14778172,A7420,"Generator, Function, Electronic :33250A",0,8/1/2024
D081,PPA,6.63E+12,14778172,A7420,"Generator, Function, Electronic :33250A",0,9/1/2024
D081,PPA,6.63E+12,14778172,A7420,"Generator, Function, Electronic :33250A",0,10/1/2024
D081,PPA,6.63E+12,14778172,A7420,"Generator, Function, Electronic :33250A",0,11/1/2024
D081,PPA,6.63E+12,14778172,A7420,"Generator, Function, Electronic :33250A",0,12/1/2024
D084,PPA,6.63E+12,15623698,A7420,"Calibrator, Range Indicator",0,10/1/2023
D084,PPA,6.63E+12,15623698,A7420,"Calibrator, Range Indicator",0,11/1/2023
D084,PPA,6.63E+12,15623698,A7420,"Calibrator, Range Indicator",0,12/1/2023
D084,PPA,6.63E+12,15623698,A7420,"Calibrator, Range Indicator",0,1/1/2024
D084,PPA,6.63E+12,15623698,A7420,"Calibrator, Range Indicator",0,2/1/2024
D084,PPA,6.63E+12,15623698,A7420,"Calibrator, Range Indicator",0,3/1/2024
D084,PPA,6.63E+12,15623698,A7420,"Calibrator, Range Indicator",0,4/1/2024
D084,PPA,6.63E+12,15623698,A7420,"Calibrator, Range Indicator",0,5/1/2024
D084,PPA,6.63E+12,15623698,A7420,"Calibrator, Range Indicator",0,6/1/2024
D084,PPA,6.63E+12,15623698,A7420,"Calibrator, Range Indicator",0,7/1/2024
D084,PPA,6.63E+12,15623698,A7420,"Calibrator, Range Indicator",0,8/1/2024
D084,PPA,6.63E+12,15623698,A7420,"Calibrator, Range Indicator",0,9/1/2024
D084,PPA,6.63E+12,15623698,A7420,"Calibrator, Range Indicator",0,10/1/2024
D084,PPA,6.63E+12,15623698,A7420,"Calibrator, Range Indicator",0,11/1/2024
D084,PPA,6.63E+12,15623698,A7420,"Calibrator, Range Indicator",0,12/1/2024
D090,PPA,6.63E+12,16533190,A7523,"Calibrator, Frequency",0,10/1/2023
D090,PPA,6.63E+12,16533190,A7523,"Calibrator, Frequency",0,11/1/2023
D090,PPA,6.63E+12,16533190,A7523,"Calibrator, Frequency",0,12/1/2023
D090,PPA,6.63E+12,16533190,A7523,"Calibrator, Frequency",0,1/1/2024
D090,PPA,6.63E+12,16533190,A7523,"Calibrator, Frequency",0,2/1/2024
D090,PPA,6.63E+12,16533190,A7523,"Calibrator, Frequency",0,3/1/2024
D090,PPA,6.63E+12,16533190,A7523,"Calibrator, Frequency",0,4/1/2024
D090,PPA,6.63E+12,16533190,A7523,"Calibrator, Frequency",0,5/1/2024
D090,PPA,6.63E+12,16533190,A7523,"Calibrator, Frequency",0,6/1/2024
D090,PPA,6.63E+12,16533190,A7523,"Calibrator, Frequency",0,7/1/2024
D090,PPA,6.63E+12,16533190,A7523,"Calibrator, Frequency",0,8/1/2024
D090,PPA,6.63E+12,16533190,A7523,"Calibrator, Frequency",0,9/1/2024
D090,PPA,6.63E+12,16533190,A7523,"Calibrator, Frequency",0,10/1/2024
D090,PPA,6.63E+12,16533190,A7523,"Calibrator, Frequency",0,11/1/2024
D090,PPA,6.63E+12,16533190,A7523,"Calibrator, Frequency",0,12/1/2024
D091,PPB,6.13E+12,15447811,A2179,"Power Supply, ComTech",2,10/1/2023
D091,PPB,6.13E+12,15447811,A2179,"Power Supply, ComTech",0,11/1/2023
D091,PPB,6.13E+12,15447811,A2179,"Power Supply, ComTech",0,12/1/2023
D091,PPB,6.13E+12,15447811,A2179,"Power Supply, ComTech",0,1/1/2024
D091,PPB,6.13E+12,15447811,A2179,"Power Supply, ComTech",0,2/1/2024
D091,PPB,6.13E+12,15447811,A2179,"Power Supply, ComTech",0,3/1/2024
D091,PPB,6.13E+12,15447811,A2179,"Power Supply, ComTech",0,4/1/2024
D091,PPB,6.13E+12,15447811,A2179,"Power Supply, ComTech",0,5/1/2024
D091,PPB,6.13E+12,15447811,A2179,"Power Supply, ComTech",0,6/1/2024
D091,PPB,6.13E+12,15447811,A2179,"Power Supply, ComTech",0,7/1/2024
D091,PPB,6.13E+12,15447811,A2179,"Power Supply, ComTech",0,8/1/2024
D091,PPB,6.13E+12,15447811,A2179,"Power Supply, ComTech",0,9/1/2024
D091,PPB,6.13E+12,15447811,A2179,"Power Supply, ComTech",0,10/1/2024
D091,PPB,6.13E+12,15447811,A2179,"Power Supply, ComTech",0,11/1/2024
D091,PPB,6.13E+12,15447811,A2179,"Power Supply, ComTech",0,12/1/2024
D092,PPA,6.63E+12,15658920,A7420,Oscilloscope,0,10/1/2023
D092,PPA,6.63E+12,15658920,A7420,Oscilloscope,0,11/1/2023
D092,PPA,6.63E+12,15658920,A7420,Oscilloscope,0,12/1/2023
D092,PPA,6.63E+12,15658920,A7420,Oscilloscope,0,1/1/2024
D092,PPA,6.63E+12,15658920,A7420,Oscilloscope,0,2/1/2024
D092,PPA,6.63E+12,15658920,A7420,Oscilloscope,0,3/1/2024
D092,PPA,6.63E+12,15658920,A7420,Oscilloscope,0,4/1/2024
D092,PPA,6.63E+12,15658920,A7420,Oscilloscope,0,5/1/2024
D092,PPA,6.63E+12,15658920,A7420,Oscilloscope,0,6/1/2024
D092,PPA,6.63E+12,15658920,A7420,Oscilloscope,0,7/1/2024
D092,PPA,6.63E+12,15658920,A7420,Oscilloscope,0,8/1/2024
D092,PPA,6.63E+12,15658920,A7420,Oscilloscope,0,9/1/2024
D092,PPA,6.63E+12,15658920,A7420,Oscilloscope,0,10/1/2024
D092,PPA,6.63E+12,15658920,A7420,Oscilloscope,0,11/1/2024
D092,PPA,6.63E+12,15658920,A7420,Oscilloscope,0,12/1/2024
D095,PPA,6.00E+12,11418146,A2179,Circuit Card Assembly,0,10/1/2023
D095,PPA,6.00E+12,11418146,A2179,Circuit Card Assembly,0,11/1/2023
D095,PPA,6.00E+12,11418146,A2179,Circuit Card Assembly,0,12/1/2023
D095,PPA,6.00E+12,11418146,A2179,Circuit Card Assembly,0,1/1/2024
D095,PPA,6.00E+12,11418146,A2179,Circuit Card Assembly,0,2/1/2024
D095,PPA,6.00E+12,11418146,A2179,Circuit Card Assembly,0,3/1/2024
D095,PPA,6.00E+12,11418146,A2179,Circuit Card Assembly,0,4/1/2024
D095,PPA,6.00E+12,11418146,A2179,Circuit Card Assembly,0,5/1/2024
D095,PPA,6.00E+12,11418146,A2179,Circuit Card Assembly,0,6/1/2024
D095,PPA,6.00E+12,11418146,A2179,Circuit Card Assembly,0,7/1/2024
D095,PPA,6.00E+12,11418146,A2179,Circuit Card Assembly,0,8/1/2024
D095,PPA,6.00E+12,11418146,A2179,Circuit Card Assembly,0,9/1/2024
D095,PPA,6.00E+12,11418146,A2179,Circuit Card Assembly,0,10/1/2024
D095,PPA,6.00E+12,11418146,A2179,Circuit Card Assembly,0,11/1/2024
D095,PPA,6.00E+12,11418146,A2179,Circuit Card Assembly,0,12/1/2024
D097,PPA,6.00E+12,15848748,A0331,"Amplifier, Radio",10,10/1/2023
D097,PPA,6.00E+12,15848748,A0331,"Amplifier, Radio",10,11/1/2023
D097,PPA,6.00E+12,15848748,A0331,"Amplifier, Radio",0,12/1/2023
D097,PPA,6.00E+12,15848748,A0331,"Amplifier, Radio",0,1/1/2024
D097,PPA,6.00E+12,15848748,A0331,"Amplifier, Radio",0,2/1/2024
D097,PPA,6.00E+12,15848748,A0331,"Amplifier, Radio",0,3/1/2024
D097,PPA,6.00E+12,15848748,A0331,"Amplifier, Radio",0,4/1/2024
D097,PPA,6.00E+12,15848748,A0331,"Amplifier, Radio",0,5/1/2024
D097,PPA,6.00E+12,15848748,A0331,"Amplifier, Radio",0,6/1/2024
D097,PPA,6.00E+12,15848748,A0331,"Amplifier, Radio",0,7/1/2024
D097,PPA,6.00E+12,15848748,A0331,"Amplifier, Radio",0,8/1/2024
D097,PPA,6.00E+12,15848748,A0331,"Amplifier, Radio",0,9/1/2024
D097,PPA,6.00E+12,15848748,A0331,"Amplifier, Radio",0,10/1/2024
D097,PPA,6.00E+12,15848748,A0331,"Amplifier, Radio",0,11/1/2024
D097,PPA,6.00E+12,15848748,A0331,"Amplifier, Radio",0,12/1/2024
D098,PPA,6.00E+12,16616649,A0242,"Amplifier, Radio Frequency",0,10/1/2023
D098,PPA,6.00E+12,16616649,A0242,"Amplifier, Radio Frequency",0,11/1/2023
D098,PPA,6.00E+12,16616649,A0242,"Amplifier, Radio Frequency",0,12/1/2023
D098,PPA,6.00E+12,16616649,A0242,"Amplifier, Radio Frequency",0,1/1/2024
D098,PPA,6.00E+12,16616649,A0242,"Amplifier, Radio Frequency",3,2/1/2024
D098,PPA,6.00E+12,16616649,A0242,"Amplifier, Radio Frequency",0,3/1/2024
D098,PPA,6.00E+12,16616649,A0242,"Amplifier, Radio Frequency",0,4/1/2024
D098,PPA,6.00E+12,16616649,A0242,"Amplifier, Radio Frequency",0,5/1/2024
D098,PPA,6.00E+12,16616649,A0242,"Amplifier, Radio Frequency",0,6/1/2024
D098,PPA,6.00E+12,16616649,A0242,"Amplifier, Radio Frequency",0,7/1/2024
D098,PPA,6.00E+12,16616649,A0242,"Amplifier, Radio Frequency",0,8/1/2024
D098,PPA,6.00E+12,16616649,A0242,"Amplifier, Radio Frequency",0,9/1/2024
D098,PPA,6.00E+12,16616649,A0242,"Amplifier, Radio Frequency",0,10/1/2024
D098,PPA,6.00E+12,16616649,A0242,"Amplifier, Radio Frequency",0,11/1/2024
D098,PPA,6.00E+12,16616649,A0242,"Amplifier, Radio Frequency",0,12/1/2024
D0A2,PPA,6.63E+12,14217497,A7596,"Plug-In Unit, Electr",0,10/1/2023
D0A2,PPA,6.63E+12,14217497,A7596,"Plug-In Unit, Electr",0,11/1/2023
D0A2,PPA,6.63E+12,14217497,A7596,"Plug-In Unit, Electr",0,12/1/2023
D0A2,PPA,6.63E+12,14217497,A7596,"Plug-In Unit, Electr",0,1/1/2024
D0A2,PPA,6.63E+12,14217497,A7596,"Plug-In Unit, Electr",0,2/1/2024
D0A2,PPA,6.63E+12,14217497,A7596,"Plug-In Unit, Electr",0,3/1/2024
D0A2,PPA,6.63E+12,14217497,A7596,"Plug-In Unit, Electr",0,4/1/2024
D0A2,PPA,6.63E+12,14217497,A7596,"Plug-In Unit, Electr",0,5/1/2024
D0A2,PPA,6.63E+12,14217497,A7596,"Plug-In Unit, Electr",0,6/1/2024
D0A2,PPA,6.63E+12,14217497,A7596,"Plug-In Unit, Electr",0,7/1/2024
D0A2,PPA,6.63E+12,14217497,A7596,"Plug-In Unit, Electr",0,8/1/2024
D0A2,PPA,6.63E+12,14217497,A7596,"Plug-In Unit, Electr",0,9/1/2024
D0A2,PPA,6.63E+12,14217497,A7596,"Plug-In Unit, Electr",0,10/1/2024
D0A2,PPA,6.63E+12,14217497,A7596,"Plug-In Unit, Electr",0,11/1/2024
D0A2,PPA,6.63E+12,14217497,A7596,"Plug-In Unit, Electr",0,12/1/2024
D0A3,PPA,6.63E+12,14925646,A7596,"Plug-In Unit, Electrical-Electronic",0,10/1/2023
D0A3,PPA,6.63E+12,14925646,A7596,"Plug-In Unit, Electrical-Electronic",1,11/1/2023
D0A3,PPA,6.63E+12,14925646,A7596,"Plug-In Unit, Electrical-Electronic",0,12/1/2023
D0A3,PPA,6.63E+12,14925646,A7596,"Plug-In Unit, Electrical-Electronic",0,1/1/2024
D0A3,PPA,6.63E+12,14925646,A7596,"Plug-In Unit, Electrical-Electronic",0,2/1/2024
D0A3,PPA,6.63E+12,14925646,A7596,"Plug-In Unit, Electrical-Electronic",0,3/1/2024
D0A3,PPA,6.63E+12,14925646,A7596,"Plug-In Unit, Electrical-Electronic",0,4/1/2024
D0A3,PPA,6.63E+12,14925646,A7596,"Plug-In Unit, Electrical-Electronic",0,5/1/2024
D0A3,PPA,6.63E+12,14925646,A7596,"Plug-In Unit, Electrical-Electronic",0,6/1/2024
D0A3,PPA,6.63E+12,14925646,A7596,"Plug-In Unit, Electrical-Electronic",0,7/1/2024
D0A3,PPA,6.63E+12,14925646,A7596,"Plug-In Unit, Electrical-Electronic",0,8/1/2024
D0A3,PPA,6.63E+12,14925646,A7596,"Plug-In Unit, Electrical-Electronic",0,9/1/2024
D0A3,PPA,6.63E+12,14925646,A7596,"Plug-In Unit, Electrical-Electronic",0,10/1/2024
D0A3,PPA,6.63E+12,14925646,A7596,"Plug-In Unit, Electrical-Electronic",0,11/1/2024
D0A3,PPA,6.63E+12,14925646,A7596,"Plug-In Unit, Electrical-Electronic",0,12/1/2024
D752,PPA,6.66E+12,15066613,E1035,"Theodolite, Meteorological",0,10/1/2023
D752,PPA,6.66E+12,15066613,E1035,"Theodolite, Meteorological",1,11/1/2023
D752,PPA,6.66E+12,15066613,E1035,"Theodolite, Meteorological",0,12/1/2023
D752,PPA,6.66E+12,15066613,E1035,"Theodolite, Meteorological",0,1/1/2024
D752,PPA,6.66E+12,15066613,E1035,"Theodolite, Meteorological",0,2/1/2024
D752,PPA,6.66E+12,15066613,E1035,"Theodolite, Meteorological",0,3/1/2024
D752,PPA,6.66E+12,15066613,E1035,"Theodolite, Meteorological",0,4/1/2024
D752,PPA,6.66E+12,15066613,E1035,"Theodolite, Meteorological",0,5/1/2024
D752,PPA,6.66E+12,15066613,E1035,"Theodolite, Meteorological",0,6/1/2024
D752,PPA,6.66E+12,15066613,E1035,"Theodolite, Meteorological",0,7/1/2024
D752,PPA,6.66E+12,15066613,E1035,"Theodolite, Meteorological",0,8/1/2024
D752,PPA,6.66E+12,15066613,E1035,"Theodolite, Meteorological",0,9/1/2024
D752,PPA,6.66E+12,15066613,E1035,"Theodolite, Meteorological",0,10/1/2024
D752,PPA,6.66E+12,15066613,E1035,"Theodolite, Meteorological",0,11/1/2024
D752,PPA,6.66E+12,15066613,E1035,"Theodolite, Meteorological",0,12/1/2024
D755,PPA,1.29E+12,15100540,E0180,"Transit, Aming Circle",5,10/1/2023
D755,PPA,1.29E+12,15100540,E0180,"Transit, Aming Circle",5,11/1/2023
D755,PPA,1.29E+12,15100540,E0180,"Transit, Aming Circle",8,12/1/2023
D755,PPA,1.29E+12,15100540,E0180,"Transit, Aming Circle",7,1/1/2024
D755,PPA,1.29E+12,15100540,E0180,"Transit, Aming Circle",0,2/1/2024
D755,PPA,1.29E+12,15100540,E0180,"Transit, Aming Circle",0,3/1/2024
D755,PPA,1.29E+12,15100540,E0180,"Transit, Aming Circle",0,4/1/2024
D755,PPA,1.29E+12,15100540,E0180,"Transit, Aming Circle",0,5/1/2024
D755,PPA,1.29E+12,15100540,E0180,"Transit, Aming Circle",0,6/1/2024
D755,PPA,1.29E+12,15100540,E0180,"Transit, Aming Circle",0,7/1/2024
D755,PPA,1.29E+12,15100540,E0180,"Transit, Aming Circle",0,8/1/2024
D755,PPA,1.29E+12,15100540,E0180,"Transit, Aming Circle",0,9/1/2024
D755,PPA,1.29E+12,15100540,E0180,"Transit, Aming Circle",0,10/1/2024
D755,PPA,1.29E+12,15100540,E0180,"Transit, Aming Circle",0,11/1/2024
D755,PPA,1.29E+12,15100540,E0180,"Transit, Aming Circle",0,12/1/2024
D755,PPB,1.29E+12,15100540,E0180,"Transit, Aming Circle",6,10/1/2023
D755,PPB,1.29E+12,15100540,E0180,"Transit, Aming Circle",6,11/1/2023
D755,PPB,1.29E+12,15100540,E0180,"Transit, Aming Circle",7,12/1/2023
D755,PPB,1.29E+12,15100540,E0180,"Transit, Aming Circle",0,1/1/2024
D755,PPB,1.29E+12,15100540,E0180,"Transit, Aming Circle",0,2/1/2024
D755,PPB,1.29E+12,15100540,E0180,"Transit, Aming Circle",0,3/1/2024
D755,PPB,1.29E+12,15100540,E0180,"Transit, Aming Circle",0,4/1/2024
D755,PPB,1.29E+12,15100540,E0180,"Transit, Aming Circle",0,5/1/2024
D755,PPB,1.29E+12,15100540,E0180,"Transit, Aming Circle",0,6/1/2024
D755,PPB,1.29E+12,15100540,E0180,"Transit, Aming Circle",0,7/1/2024
D755,PPB,1.29E+12,15100540,E0180,"Transit, Aming Circle",0,8/1/2024
D755,PPB,1.29E+12,15100540,E0180,"Transit, Aming Circle",0,9/1/2024
D755,PPB,1.29E+12,15100540,E0180,"Transit, Aming Circle",0,10/1/2024
D755,PPB,1.29E+12,15100540,E0180,"Transit, Aming Circle",0,11/1/2024
D755,PPB,1.29E+12,15100540,E0180,"Transit, Aming Circle",0,12/1/2024
D769,PPB,1.22E+12,16473873,E0671,Digital Fire Control System Assembly,1,10/1/2023
D769,PPB,1.22E+12,16473873,E0671,Digital Fire Control System Assembly,0,11/1/2023
D769,PPB,1.22E+12,16473873,E0671,Digital Fire Control System Assembly,0,12/1/2023
D769,PPB,1.22E+12,16473873,E0671,Digital Fire Control System Assembly,0,1/1/2024
D769,PPB,1.22E+12,16473873,E0671,Digital Fire Control System Assembly,0,2/1/2024
D769,PPB,1.22E+12,16473873,E0671,Digital Fire Control System Assembly,0,3/1/2024
D769,PPB,1.22E+12,16473873,E0671,Digital Fire Control System Assembly,0,4/1/2024
D769,PPB,1.22E+12,16473873,E0671,Digital Fire Control System Assembly,0,5/1/2024
D769,PPB,1.22E+12,16473873,E0671,Digital Fire Control System Assembly,0,6/1/2024
D769,PPB,1.22E+12,16473873,E0671,Digital Fire Control System Assembly,0,7/1/2024
D769,PPB,1.22E+12,16473873,E0671,Digital Fire Control System Assembly,0,8/1/2024
D769,PPB,1.22E+12,16473873,E0671,Digital Fire Control System Assembly,0,9/1/2024
D769,PPB,1.22E+12,16473873,E0671,Digital Fire Control System Assembly,0,10/1/2024
D769,PPB,1.22E+12,16473873,E0671,Digital Fire Control System Assembly,0,11/1/2024
D769,PPB,1.22E+12,16473873,E0671,Digital Fire Control System Assembly,0,12/1/2024
D776,PPA,1.44E+12,14583366,E0942,"Armament, Control",0,10/1/2023
D776,PPA,1.44E+12,14583366,E0942,"Armament, Control",0,11/1/2023
D776,PPA,1.44E+12,14583366,E0942,"Armament, Control",0,12/1/2023
D776,PPA,1.44E+12,14583366,E0942,"Armament, Control",0,1/1/2024
D776,PPA,1.44E+12,14583366,E0942,"Armament, Control",0,2/1/2024
D776,PPA,1.44E+12,14583366,E0942,"Armament, Control",0,3/1/2024
D776,PPA,1.44E+12,14583366,E0942,"Armament, Control",0,4/1/2024
D776,PPA,1.44E+12,14583366,E0942,"Armament, Control",0,5/1/2024
D776,PPA,1.44E+12,14583366,E0942,"Armament, Control",0,6/1/2024
D776,PPA,1.44E+12,14583366,E0942,"Armament, Control",0,7/1/2024
D776,PPA,1.44E+12,14583366,E0942,"Armament, Control",0,8/1/2024
D776,PPA,1.44E+12,14583366,E0942,"Armament, Control",0,9/1/2024
D776,PPA,1.44E+12,14583366,E0942,"Armament, Control",0,10/1/2024
D776,PPA,1.44E+12,14583366,E0942,"Armament, Control",0,11/1/2024
D776,PPA,1.44E+12,14583366,E0942,"Armament, Control",0,12/1/2024
D785,PPA,4.91E+12,15991753,E7903,Test Adapter Vehicle,0,10/1/2023
D785,PPA,4.91E+12,15991753,E7903,Test Adapter Vehicle,1,11/1/2023
D785,PPA,4.91E+12,15991753,E7903,Test Adapter Vehicle,0,12/1/2023
D785,PPA,4.91E+12,15991753,E7903,Test Adapter Vehicle,0,1/1/2024
D785,PPA,4.91E+12,15991753,E7903,Test Adapter Vehicle,0,2/1/2024
D785,PPA,4.91E+12,15991753,E7903,Test Adapter Vehicle,0,3/1/2024
D785,PPA,4.91E+12,15991753,E7903,Test Adapter Vehicle,0,4/1/2024
D785,PPA,4.91E+12,15991753,E7903,Test Adapter Vehicle,0,5/1/2024
D785,PPA,4.91E+12,15991753,E7903,Test Adapter Vehicle,0,6/1/2024
D785,PPA,4.91E+12,15991753,E7903,Test Adapter Vehicle,0,7/1/2024
D785,PPA,4.91E+12,15991753,E7903,Test Adapter Vehicle,0,8/1/2024
D785,PPA,4.91E+12,15991753,E7903,Test Adapter Vehicle,0,9/1/2024
D785,PPA,4.91E+12,15991753,E7903,Test Adapter Vehicle,0,10/1/2024
D785,PPA,4.91E+12,15991753,E7903,Test Adapter Vehicle,0,11/1/2024
D785,PPA,4.91E+12,15991753,E7903,Test Adapter Vehicle,0,12/1/2024
D798,PPA,2.82E+12,15502615,E0947,"Engine, Diesel",0,10/1/2023
D798,PPA,2.82E+12,15502615,E0947,"Engine, Diesel",0,11/1/2023
D798,PPA,2.82E+12,15502615,E0947,"Engine, Diesel",0,12/1/2023
D798,PPA,2.82E+12,15502615,E0947,"Engine, Diesel",0,1/1/2024
D798,PPA,2.82E+12,15502615,E0947,"Engine, Diesel",0,2/1/2024
D798,PPA,2.82E+12,15502615,E0947,"Engine, Diesel",0,3/1/2024
D798,PPA,2.82E+12,15502615,E0947,"Engine, Diesel",0,4/1/2024
D798,PPA,2.82E+12,15502615,E0947,"Engine, Diesel",0,5/1/2024
D798,PPA,2.82E+12,15502615,E0947,"Engine, Diesel",0,6/1/2024
D798,PPA,2.82E+12,15502615,E0947,"Engine, Diesel",0,7/1/2024
D798,PPA,2.82E+12,15502615,E0947,"Engine, Diesel",0,8/1/2024
D798,PPA,2.82E+12,15502615,E0947,"Engine, Diesel",0,9/1/2024
D798,PPA,2.82E+12,15502615,E0947,"Engine, Diesel",0,10/1/2024
D798,PPA,2.82E+12,15502615,E0947,"Engine, Diesel",0,11/1/2024
D798,PPA,2.82E+12,15502615,E0947,"Engine, Diesel",0,12/1/2024
D798,PPB,2.82E+12,15502615,E0947,"Engine, Diesel",0,10/1/2023
D798,PPB,2.82E+12,15502615,E0947,"Engine, Diesel",0,11/1/2023
D798,PPB,2.82E+12,15502615,E0947,"Engine, Diesel",0,12/1/2023
D798,PPB,2.82E+12,15502615,E0947,"Engine, Diesel",0,1/1/2024
D798,PPB,2.82E+12,15502615,E0947,"Engine, Diesel",0,2/1/2024
D798,PPB,2.82E+12,15502615,E0947,"Engine, Diesel",0,3/1/2024
D798,PPB,2.82E+12,15502615,E0947,"Engine, Diesel",0,4/1/2024
D798,PPB,2.82E+12,15502615,E0947,"Engine, Diesel",0,5/1/2024
D798,PPB,2.82E+12,15502615,E0947,"Engine, Diesel",0,6/1/2024
D798,PPB,2.82E+12,15502615,E0947,"Engine, Diesel",0,7/1/2024
D798,PPB,2.82E+12,15502615,E0947,"Engine, Diesel",0,8/1/2024
D798,PPB,2.82E+12,15502615,E0947,"Engine, Diesel",0,9/1/2024
D798,PPB,2.82E+12,15502615,E0947,"Engine, Diesel",0,10/1/2024
D798,PPB,2.82E+12,15502615,E0947,"Engine, Diesel",0,11/1/2024
D798,PPB,2.82E+12,15502615,E0947,"Engine, Diesel",0,12/1/2024
D7D5,PPB,7.03E+12,16473875,E0671,"Display Unit, Chief of Section",3,10/1/2023
D7D5,PPB,7.03E+12,16473875,E0671,"Display Unit, Chief of Section",0,11/1/2023
D7D5,PPB,7.03E+12,16473875,E0671,"Display Unit, Chief of Section",0,12/1/2023
D7D5,PPB,7.03E+12,16473875,E0671,"Display Unit, Chief of Section",0,1/1/2024
D7D5,PPB,7.03E+12,16473875,E0671,"Display Unit, Chief of Section",0,2/1/2024
D7D5,PPB,7.03E+12,16473875,E0671,"Display Unit, Chief of Section",0,3/1/2024
D7D5,PPB,7.03E+12,16473875,E0671,"Display Unit, Chief of Section",0,4/1/2024
D7D5,PPB,7.03E+12,16473875,E0671,"Display Unit, Chief of Section",0,5/1/2024
D7D5,PPB,7.03E+12,16473875,E0671,"Display Unit, Chief of Section",0,6/1/2024
D7D5,PPB,7.03E+12,16473875,E0671,"Display Unit, Chief of Section",0,7/1/2024
D7D5,PPB,7.03E+12,16473875,E0671,"Display Unit, Chief of Section",0,8/1/2024
D7D5,PPB,7.03E+12,16473875,E0671,"Display Unit, Chief of Section",0,9/1/2024
D7D5,PPB,7.03E+12,16473875,E0671,"Display Unit, Chief of Section",0,10/1/2024
D7D5,PPB,7.03E+12,16473875,E0671,"Display Unit, Chief of Section",0,11/1/2024
D7D5,PPB,7.03E+12,16473875,E0671,"Display Unit, Chief of Section",0,12/1/2024
D815,PPA,5.98E+12,16296933,B1583,"Control-Display, Opt",0,10/1/2023
D815,PPA,5.98E+12,16296933,B1583,"Control-Display, Opt",0,11/1/2023
D815,PPA,5.98E+12,16296933,B1583,"Control-Display, Opt",0,12/1/2023
D815,PPA,5.98E+12,16296933,B1583,"Control-Display, Opt",0,1/1/2024
D815,PPA,5.98E+12,16296933,B1583,"Control-Display, Opt",0,2/1/2024
D815,PPA,5.98E+12,16296933,B1583,"Control-Display, Opt",0,3/1/2024
D815,PPA,5.98E+12,16296933,B1583,"Control-Display, Opt",0,4/1/2024
D815,PPA,5.98E+12,16296933,B1583,"Control-Display, Opt",0,5/1/2024
D815,PPA,5.98E+12,16296933,B1583,"Control-Display, Opt",0,6/1/2024
D815,PPA,5.98E+12,16296933,B1583,"Control-Display, Opt",0,7/1/2024
D815,PPA,5.98E+12,16296933,B1583,"Control-Display, Opt",0,8/1/2024
D815,PPA,5.98E+12,16296933,B1583,"Control-Display, Opt",0,9/1/2024
D815,PPA,5.98E+12,16296933,B1583,"Control-Display, Opt",0,10/1/2024
D815,PPA,5.98E+12,16296933,B1583,"Control-Display, Opt",0,11/1/2024
D815,PPA,5.98E+12,16296933,B1583,"Control-Display, Opt",0,12/1/2024
D826,PPB,2.82E+12,15891633,B0071,"Engine, Diesel",0,10/1/2023
D826,PPB,2.82E+12,15891633,B0071,"Engine, Diesel",0,11/1/2023
D826,PPB,2.82E+12,15891633,B0071,"Engine, Diesel",0,12/1/2023
D826,PPB,2.82E+12,15891633,B0071,"Engine, Diesel",0,1/1/2024
D826,PPB,2.82E+12,15891633,B0071,"Engine, Diesel",0,2/1/2024
D826,PPB,2.82E+12,15891633,B0071,"Engine, Diesel",0,3/1/2024
D826,PPB,2.82E+12,15891633,B0071,"Engine, Diesel",0,4/1/2024
D826,PPB,2.82E+12,15891633,B0071,"Engine, Diesel",0,5/1/2024
D826,PPB,2.82E+12,15891633,B0071,"Engine, Diesel",0,6/1/2024
D826,PPB,2.82E+12,15891633,B0071,"Engine, Diesel",0,7/1/2024
D826,PPB,2.82E+12,15891633,B0071,"Engine, Diesel",0,8/1/2024
D826,PPB,2.82E+12,15891633,B0071,"Engine, Diesel",0,9/1/2024
D826,PPB,2.82E+12,15891633,B0071,"Engine, Diesel",0,10/1/2024
D826,PPB,2.82E+12,15891633,B0071,"Engine, Diesel",0,11/1/2024
D826,PPB,2.82E+12,15891633,B0071,"Engine, Diesel",0,12/1/2024
D842,PPA,4.52E+12,16313780,B0055,"Heater, Water, Liquid",0,10/1/2023
D842,PPA,4.52E+12,16313780,B0055,"Heater, Water, Liquid",0,11/1/2023
D842,PPA,4.52E+12,16313780,B0055,"Heater, Water, Liquid",0,12/1/2023
D842,PPA,4.52E+12,16313780,B0055,"Heater, Water, Liquid",0,1/1/2024
D842,PPA,4.52E+12,16313780,B0055,"Heater, Water, Liquid",0,2/1/2024
D842,PPA,4.52E+12,16313780,B0055,"Heater, Water, Liquid",0,3/1/2024
D842,PPA,4.52E+12,16313780,B0055,"Heater, Water, Liquid",0,4/1/2024
D842,PPA,4.52E+12,16313780,B0055,"Heater, Water, Liquid",0,5/1/2024
D842,PPA,4.52E+12,16313780,B0055,"Heater, Water, Liquid",0,6/1/2024
D842,PPA,4.52E+12,16313780,B0055,"Heater, Water, Liquid",0,7/1/2024
D842,PPA,4.52E+12,16313780,B0055,"Heater, Water, Liquid",0,8/1/2024
D842,PPA,4.52E+12,16313780,B0055,"Heater, Water, Liquid",0,9/1/2024
D842,PPA,4.52E+12,16313780,B0055,"Heater, Water, Liquid",0,10/1/2024
D842,PPA,4.52E+12,16313780,B0055,"Heater, Water, Liquid",0,11/1/2024
D842,PPA,4.52E+12,16313780,B0055,"Heater, Water, Liquid",0,12/1/2024
D930,PPB,1.24E+12,15158265,E0671,"Mount, Telescope",0,10/1/2023
D930,PPB,1.24E+12,15158265,E0671,"Mount, Telescope",0,11/1/2023
D930,PPB,1.24E+12,15158265,E0671,"Mount, Telescope",0,12/1/2023
D930,PPB,1.24E+12,15158265,E0671,"Mount, Telescope",0,1/1/2024
D930,PPB,1.24E+12,15158265,E0671,"Mount, Telescope",0,2/1/2024
D930,PPB,1.24E+12,15158265,E0671,"Mount, Telescope",0,3/1/2024
D930,PPB,1.24E+12,15158265,E0671,"Mount, Telescope",0,4/1/2024
D930,PPB,1.24E+12,15158265,E0671,"Mount, Telescope",0,5/1/2024
D930,PPB,1.24E+12,15158265,E0671,"Mount, Telescope",0,6/1/2024
D930,PPB,1.24E+12,15158265,E0671,"Mount, Telescope",0,7/1/2024
D930,PPB,1.24E+12,15158265,E0671,"Mount, Telescope",0,8/1/2024
D930,PPB,1.24E+12,15158265,E0671,"Mount, Telescope",0,9/1/2024
D930,PPB,1.24E+12,15158265,E0671,"Mount, Telescope",0,10/1/2024
D930,PPB,1.24E+12,15158265,E0671,"Mount, Telescope",0,11/1/2024
D930,PPB,1.24E+12,15158265,E0671,"Mount, Telescope",0,12/1/2024
E032,PPB,5.82E+12,15709746,A0097,"Vehicular, Adaptor Unit",0,10/1/2023
E032,PPB,5.82E+12,15709746,A0097,"Vehicular, Adaptor Unit",0,11/1/2023
E032,PPB,5.82E+12,15709746,A0097,"Vehicular, Adaptor Unit",0,12/1/2023
E032,PPB,5.82E+12,15709746,A0097,"Vehicular, Adaptor Unit",25,1/1/2024
E032,PPB,5.82E+12,15709746,A0097,"Vehicular, Adaptor Unit",0,2/1/2024
E032,PPB,5.82E+12,15709746,A0097,"Vehicular, Adaptor Unit",25,3/1/2024
E032,PPB,5.82E+12,15709746,A0097,"Vehicular, Adaptor Unit",25,4/1/2024
E032,PPB,5.82E+12,15709746,A0097,"Vehicular, Adaptor Unit",25,5/1/2024
E032,PPB,5.82E+12,15709746,A0097,"Vehicular, Adaptor Unit",25,6/1/2024
E032,PPB,5.82E+12,15709746,A0097,"Vehicular, Adaptor Unit",25,7/1/2024
E032,PPB,5.82E+12,15709746,A0097,"Vehicular, Adaptor Unit",25,8/1/2024
E032,PPB,5.82E+12,15709746,A0097,"Vehicular, Adaptor Unit",25,9/1/2024
E032,PPB,5.82E+12,15709746,A0097,"Vehicular, Adaptor Unit",25,10/1/2024
E032,PPB,5.82E+12,15709746,A0097,"Vehicular, Adaptor Unit",25,11/1/2024
E032,PPB,5.82E+12,15709746,A0097,"Vehicular, Adaptor Unit",25,12/1/2024
E097,PPA,6.00E+12,15848748,A0331,"Amplifier, Radio",0,10/1/2023
E097,PPA,6.00E+12,15848748,A0331,"Amplifier, Radio",0,11/1/2023
E097,PPA,6.00E+12,15848748,A0331,"Amplifier, Radio",0,12/1/2023
E097,PPA,6.00E+12,15848748,A0331,"Amplifier, Radio",10,1/1/2024
E097,PPA,6.00E+12,15848748,A0331,"Amplifier, Radio",10,2/1/2024
E097,PPA,6.00E+12,15848748,A0331,"Amplifier, Radio",10,3/1/2024
E097,PPA,6.00E+12,15848748,A0331,"Amplifier, Radio",10,4/1/2024
E097,PPA,6.00E+12,15848748,A0331,"Amplifier, Radio",10,5/1/2024
E097,PPA,6.00E+12,15848748,A0331,"Amplifier, Radio",0,6/1/2024
E097,PPA,6.00E+12,15848748,A0331,"Amplifier, Radio",0,7/1/2024
E097,PPA,6.00E+12,15848748,A0331,"Amplifier, Radio",0,8/1/2024
E097,PPA,6.00E+12,15848748,A0331,"Amplifier, Radio",0,9/1/2024
E097,PPA,6.00E+12,15848748,A0331,"Amplifier, Radio",0,10/1/2024
E097,PPA,6.00E+12,15848748,A0331,"Amplifier, Radio",0,11/1/2024
E097,PPA,6.00E+12,15848748,A0331,"Amplifier, Radio",0,12/1/2024
E0A4,PPA,6.63E+12,14925557,A7596,"Plug-In Unit, Electronic Test Equip",0,10/1/2023
E0A4,PPA,6.63E+12,14925557,A7596,"Plug-In Unit, Electronic Test Equip",0,11/1/2023
E0A4,PPA,6.63E+12,14925557,A7596,"Plug-In Unit, Electronic Test Equip",3,12/1/2023
E0A4,PPA,6.63E+12,14925557,A7596,"Plug-In Unit, Electronic Test Equip",0,1/1/2024
E0A4,PPA,6.63E+12,14925557,A7596,"Plug-In Unit, Electronic Test Equip",0,2/1/2024
E0A4,PPA,6.63E+12,14925557,A7596,"Plug-In Unit, Electronic Test Equip",0,3/1/2024
E0A4,PPA,6.63E+12,14925557,A7596,"Plug-In Unit, Electronic Test Equip",0,4/1/2024
E0A4,PPA,6.63E+12,14925557,A7596,"Plug-In Unit, Electronic Test Equip",0,5/1/2024
E0A4,PPA,6.63E+12,14925557,A7596,"Plug-In Unit, Electronic Test Equip",0,6/1/2024
E0A4,PPA,6.63E+12,14925557,A7596,"Plug-In Unit, Electronic Test Equip",0,7/1/2024
E0A4,PPA,6.63E+12,14925557,A7596,"Plug-In Unit, Electronic Test Equip",0,8/1/2024
E0A4,PPA,6.63E+12,14925557,A7596,"Plug-In Unit, Electronic Test Equip",0,9/1/2024
E0A4,PPA,6.63E+12,14925557,A7596,"Plug-In Unit, Electronic Test Equip",0,10/1/2024
E0A4,PPA,6.63E+12,14925557,A7596,"Plug-In Unit, Electronic Test Equip",0,11/1/2024
E0A4,PPA,6.63E+12,14925557,A7596,"Plug-In Unit, Electronic Test Equip",0,12/1/2024
E0A5,PPA,6.00E+12,16429980,A0352,"Amplifier, Radio frequency",0,10/1/2023
E0A5,PPA,6.00E+12,16429980,A0352,"Amplifier, Radio frequency",0,11/1/2023
E0A5,PPA,6.00E+12,16429980,A0352,"Amplifier, Radio frequency",0,12/1/2023
E0A5,PPA,6.00E+12,16429980,A0352,"Amplifier, Radio frequency",1,1/1/2024
E0A5,PPA,6.00E+12,16429980,A0352,"Amplifier, Radio frequency",0,2/1/2024
E0A5,PPA,6.00E+12,16429980,A0352,"Amplifier, Radio frequency",0,3/1/2024
E0A5,PPA,6.00E+12,16429980,A0352,"Amplifier, Radio frequency",0,4/1/2024
E0A5,PPA,6.00E+12,16429980,A0352,"Amplifier, Radio frequency",0,5/1/2024
E0A5,PPA,6.00E+12,16429980,A0352,"Amplifier, Radio frequency",0,6/1/2024
E0A5,PPA,6.00E+12,16429980,A0352,"Amplifier, Radio frequency",0,7/1/2024
E0A5,PPA,6.00E+12,16429980,A0352,"Amplifier, Radio frequency",0,8/1/2024
E0A5,PPA,6.00E+12,16429980,A0352,"Amplifier, Radio frequency",0,9/1/2024
E0A5,PPA,6.00E+12,16429980,A0352,"Amplifier, Radio frequency",0,10/1/2024
E0A5,PPA,6.00E+12,16429980,A0352,"Amplifier, Radio frequency",0,11/1/2024
E0A5,PPA,6.00E+12,16429980,A0352,"Amplifier, Radio frequency",0,12/1/2024
E0A6,PPA,6.63E+12,14925302,A7596,"Plug-In Unit, Electric",0,10/1/2023
E0A6,PPA,6.63E+12,14925302,A7596,"Plug-In Unit, Electric",0,11/1/2023
E0A6,PPA,6.63E+12,14925302,A7596,"Plug-In Unit, Electric",0,12/1/2023
E0A6,PPA,6.63E+12,14925302,A7596,"Plug-In Unit, Electric",0,1/1/2024
E0A6,PPA,6.63E+12,14925302,A7596,"Plug-In Unit, Electric",0,2/1/2024
E0A6,PPA,6.63E+12,14925302,A7596,"Plug-In Unit, Electric",0,3/1/2024
E0A6,PPA,6.63E+12,14925302,A7596,"Plug-In Unit, Electric",0,4/1/2024
E0A6,PPA,6.63E+12,14925302,A7596,"Plug-In Unit, Electric",3,5/1/2024
E0A6,PPA,6.63E+12,14925302,A7596,"Plug-In Unit, Electric",0,6/1/2024
E0A6,PPA,6.63E+12,14925302,A7596,"Plug-In Unit, Electric",0,7/1/2024
E0A6,PPA,6.63E+12,14925302,A7596,"Plug-In Unit, Electric",3,8/1/2024
E0A6,PPA,6.63E+12,14925302,A7596,"Plug-In Unit, Electric",0,9/1/2024
E0A6,PPA,6.63E+12,14925302,A7596,"Plug-In Unit, Electric",0,10/1/2024
E0A6,PPA,6.63E+12,14925302,A7596,"Plug-In Unit, Electric",0,11/1/2024
E0A6,PPA,6.63E+12,14925302,A7596,"Plug-In Unit, Electric",0,12/1/2024
E70S,PPA,2.82E+12,15502608,E0947,"Engine, Diesel",0,10/1/2023
E70S,PPA,2.82E+12,15502608,E0947,"Engine, Diesel",0,11/1/2023
E70S,PPA,2.82E+12,15502608,E0947,"Engine, Diesel",0,12/1/2023
E70S,PPA,2.82E+12,15502608,E0947,"Engine, Diesel",0,1/1/2024
E70S,PPA,2.82E+12,15502608,E0947,"Engine, Diesel",0,2/1/2024
E70S,PPA,2.82E+12,15502608,E0947,"Engine, Diesel",2,3/1/2024
E70S,PPA,2.82E+12,15502608,E0947,"Engine, Diesel",5,4/1/2024
E70S,PPA,2.82E+12,15502608,E0947,"Engine, Diesel",5,5/1/2024
E70S,PPA,2.82E+12,15502608,E0947,"Engine, Diesel",4,6/1/2024
E70S,PPA,2.82E+12,15502608,E0947,"Engine, Diesel",4,7/1/2024
E70S,PPA,2.82E+12,15502608,E0947,"Engine, Diesel",0,8/1/2024
E70S,PPA,2.82E+12,15502608,E0947,"Engine, Diesel",0,9/1/2024
E70S,PPA,2.82E+12,15502608,E0947,"Engine, Diesel",0,10/1/2024
E70S,PPA,2.82E+12,15502608,E0947,"Engine, Diesel",0,11/1/2024
E70S,PPA,2.82E+12,15502608,E0947,"Engine, Diesel",0,12/1/2024
E766,PPB,1.03E+12,992979085,E0671,"Buffer, Assembly, Special",0,10/1/2023
E766,PPB,1.03E+12,992979085,E0671,"Buffer, Assembly, Special",0,11/1/2023
E766,PPB,1.03E+12,992979085,E0671,"Buffer, Assembly, Special",0,12/1/2023
E766,PPB,1.03E+12,992979085,E0671,"Buffer, Assembly, Special",0,1/1/2024
E766,PPB,1.03E+12,992979085,E0671,"Buffer, Assembly, Special",0,2/1/2024
E766,PPB,1.03E+12,992979085,E0671,"Buffer, Assembly, Special",0,3/1/2024
E766,PPB,1.03E+12,992979085,E0671,"Buffer, Assembly, Special",0,4/1/2024
E766,PPB,1.03E+12,992979085,E0671,"Buffer, Assembly, Special",0,5/1/2024
E766,PPB,1.03E+12,992979085,E0671,"Buffer, Assembly, Special",2,6/1/2024
E766,PPB,1.03E+12,992979085,E0671,"Buffer, Assembly, Special",2,7/1/2024
E766,PPB,1.03E+12,992979085,E0671,"Buffer, Assembly, Special",2,8/1/2024
E766,PPB,1.03E+12,992979085,E0671,"Buffer, Assembly, Special",1,9/1/2024
E766,PPB,1.03E+12,992979085,E0671,"Buffer, Assembly, Special",0,10/1/2024
E766,PPB,1.03E+12,992979085,E0671,"Buffer, Assembly, Special",0,11/1/2024
E766,PPB,1.03E+12,992979085,E0671,"Buffer, Assembly, Special",0,12/1/2024
E771,PPB,3.04E+12,994887463,E0671,"Accumulator, Hydraulic",0,10/1/2023
E771,PPB,3.04E+12,994887463,E0671,"Accumulator, Hydraulic",0,11/1/2023
E771,PPB,3.04E+12,994887463,E0671,"Accumulator, Hydraulic",0,12/1/2023
E771,PPB,3.04E+12,994887463,E0671,"Accumulator, Hydraulic",0,1/1/2024
E771,PPB,3.04E+12,994887463,E0671,"Accumulator, Hydraulic",1,2/1/2024
E771,PPB,3.04E+12,994887463,E0671,"Accumulator, Hydraulic",1,3/1/2024
E771,PPB,3.04E+12,994887463,E0671,"Accumulator, Hydraulic",0,4/1/2024
E771,PPB,3.04E+12,994887463,E0671,"Accumulator, Hydraulic",0,5/1/2024
E771,PPB,3.04E+12,994887463,E0671,"Accumulator, Hydraulic",0,6/1/2024
E771,PPB,3.04E+12,994887463,E0671,"Accumulator, Hydraulic",0,7/1/2024
E771,PPB,3.04E+12,994887463,E0671,"Accumulator, Hydraulic",0,8/1/2024
E771,PPB,3.04E+12,994887463,E0671,"Accumulator, Hydraulic",0,9/1/2024
E771,PPB,3.04E+12,994887463,E0671,"Accumulator, Hydraulic",0,10/1/2024
E771,PPB,3.04E+12,994887463,E0671,"Accumulator, Hydraulic",0,11/1/2024
E771,PPB,3.04E+12,994887463,E0671,"Accumulator, Hydraulic",0,12/1/2024
E772,PPB,6.00E+12,998407932,E0671,"ELEC, COMPONENT",0,10/1/2023
E772,PPB,6.00E+12,998407932,E0671,"ELEC, COMPONENT",0,11/1/2023
E772,PPB,6.00E+12,998407932,E0671,"ELEC, COMPONENT",0,12/1/2023
E772,PPB,6.00E+12,998407932,E0671,"ELEC, COMPONENT",0,1/1/2024
E772,PPB,6.00E+12,998407932,E0671,"ELEC, COMPONENT",0,2/1/2024
E772,PPB,6.00E+12,998407932,E0671,"ELEC, COMPONENT",2,3/1/2024
E772,PPB,6.00E+12,998407932,E0671,"ELEC, COMPONENT",2,4/1/2024
E772,PPB,6.00E+12,998407932,E0671,"ELEC, COMPONENT",2,5/1/2024
E772,PPB,6.00E+12,998407932,E0671,"ELEC, COMPONENT",2,6/1/2024
E772,PPB,6.00E+12,998407932,E0671,"ELEC, COMPONENT",0,7/1/2024
E772,PPB,6.00E+12,998407932,E0671,"ELEC, COMPONENT",0,8/1/2024
E772,PPB,6.00E+12,998407932,E0671,"ELEC, COMPONENT",0,9/1/2024
E772,PPB,6.00E+12,998407932,E0671,"ELEC, COMPONENT",0,10/1/2024
E772,PPB,6.00E+12,998407932,E0671,"ELEC, COMPONENT",0,11/1/2024
E772,PPB,6.00E+12,998407932,E0671,"ELEC, COMPONENT",0,12/1/2024
E776,PPA,1.44E+12,14583366,E0942,"Armament, Control",0,10/1/2023
E776,PPA,1.44E+12,14583366,E0942,"Armament, Control",0,11/1/2023
E776,PPA,1.44E+12,14583366,E0942,"Armament, Control",0,12/1/2023
E776,PPA,1.44E+12,14583366,E0942,"Armament, Control",0,1/1/2024
E776,PPA,1.44E+12,14583366,E0942,"Armament, Control",0,2/1/2024
E776,PPA,1.44E+12,14583366,E0942,"Armament, Control",0,3/1/2024
E776,PPA,1.44E+12,14583366,E0942,"Armament, Control",0,4/1/2024
E776,PPA,1.44E+12,14583366,E0942,"Armament, Control",4,5/1/2024
E776,PPA,1.44E+12,14583366,E0942,"Armament, Control",0,6/1/2024
E776,PPA,1.44E+12,14583366,E0942,"Armament, Control",0,7/1/2024
E776,PPA,1.44E+12,14583366,E0942,"Armament, Control",0,8/1/2024
E776,PPA,1.44E+12,14583366,E0942,"Armament, Control",0,9/1/2024
E776,PPA,1.44E+12,14583366,E0942,"Armament, Control",0,10/1/2024
E776,PPA,1.44E+12,14583366,E0942,"Armament, Control",0,11/1/2024
E776,PPA,1.44E+12,14583366,E0942,"Armament, Control",0,12/1/2024
E7D5,PPB,7.03E+12,16473875,E0671,"Display Unit, Chief of Section",0,10/1/2023
E7D5,PPB,7.03E+12,16473875,E0671,"Display Unit, Chief of Section",0,11/1/2023
E7D5,PPB,7.03E+12,16473875,E0671,"Display Unit, Chief of Section",0,12/1/2023
E7D5,PPB,7.03E+12,16473875,E0671,"Display Unit, Chief of Section",0,1/1/2024
E7D5,PPB,7.03E+12,16473875,E0671,"Display Unit, Chief of Section",0,2/1/2024
E7D5,PPB,7.03E+12,16473875,E0671,"Display Unit, Chief of Section",4,3/1/2024
E7D5,PPB,7.03E+12,16473875,E0671,"Display Unit, Chief of Section",2,4/1/2024
E7D5,PPB,7.03E+12,16473875,E0671,"Display Unit, Chief of Section",0,5/1/2024
E7D5,PPB,7.03E+12,16473875,E0671,"Display Unit, Chief of Section",0,6/1/2024
E7D5,PPB,7.03E+12,16473875,E0671,"Display Unit, Chief of Section",0,7/1/2024
E7D5,PPB,7.03E+12,16473875,E0671,"Display Unit, Chief of Section",0,8/1/2024
E7D5,PPB,7.03E+12,16473875,E0671,"Display Unit, Chief of Section",0,9/1/2024
E7D5,PPB,7.03E+12,16473875,E0671,"Display Unit, Chief of Section",0,10/1/2024
E7D5,PPB,7.03E+12,16473875,E0671,"Display Unit, Chief of Section",0,11/1/2024
E7D5,PPB,7.03E+12,16473875,E0671,"Display Unit, Chief of Section",0,12/1/2024
E930,PPB,1.24E+12,15158265,E0671,"Mount, Telescope",0,10/1/2023
E930,PPB,1.24E+12,15158265,E0671,"Mount, Telescope",0,11/1/2023
E930,PPB,1.24E+12,15158265,E0671,"Mount, Telescope",0,12/1/2023
E930,PPB,1.24E+12,15158265,E0671,"Mount, Telescope",0,1/1/2024
E930,PPB,1.24E+12,15158265,E0671,"Mount, Telescope",0,2/1/2024
E930,PPB,1.24E+12,15158265,E0671,"Mount, Telescope",2,3/1/2024
E930,PPB,1.24E+12,15158265,E0671,"Mount, Telescope",2,4/1/2024
E930,PPB,1.24E+12,15158265,E0671,"Mount, Telescope",2,5/1/2024
E930,PPB,1.24E+12,15158265,E0671,"Mount, Telescope",2,6/1/2024
E930,PPB,1.24E+12,15158265,E0671,"Mount, Telescope",2,7/1/2024
E930,PPB,1.24E+12,15158265,E0671,"Mount, Telescope",2,8/1/2024
E930,PPB,1.24E+12,15158265,E0671,"Mount, Telescope",0,9/1/2024
E930,PPB,1.24E+12,15158265,E0671,"Mount, Telescope",0,10/1/2024
E930,PPB,1.24E+12,15158265,E0671,"Mount, Telescope",0,11/1/2024
E930,PPB,1.24E+12,15158265,E0671,"Mount, Telescope",0,12/1/2024
L461,PPB,1.22E+12,16473873,E0671,Digital Fire Control System Assembly,0,10/1/2023
L461,PPB,1.22E+12,16473873,E0671,Digital Fire Control System Assembly,0,11/1/2023
L461,PPB,1.22E+12,16473873,E0671,Digital Fire Control System Assembly,0,12/1/2023
L461,PPB,1.22E+12,16473873,E0671,Digital Fire Control System Assembly,0,1/1/2024
L461,PPB,1.22E+12,16473873,E0671,Digital Fire Control System Assembly,0,2/1/2024
L461,PPB,1.22E+12,16473873,E0671,Digital Fire Control System Assembly,2,3/1/2024
L461,PPB,1.22E+12,16473873,E0671,Digital Fire Control System Assembly,4,4/1/2024
L461,PPB,1.22E+12,16473873,E0671,Digital Fire Control System Assembly,4,5/1/2024
L461,PPB,1.22E+12,16473873,E0671,Digital Fire Control System Assembly,4,6/1/2024
L461,PPB,1.22E+12,16473873,E0671,Digital Fire Control System Assembly,4,7/1/2024
L461,PPB,1.22E+12,16473873,E0671,Digital Fire Control System Assembly,4,8/1/2024
L461,PPB,1.22E+12,16473873,E0671,Digital Fire Control System Assembly,0,9/1/2024
L461,PPB,1.22E+12,16473873,E0671,Digital Fire Control System Assembly,0,10/1/2024
L461,PPB,1.22E+12,16473873,E0671,Digital Fire Control System Assembly,0,11/1/2024
L461,PPB,1.22E+12,16473873,E0671,Digital Fire Control System Assembly,0,12/1/2024
L463,PPB,6.00E+12,998407932,E0671,"ELEC, COMPONENT",0,10/1/2023
L463,PPB,6.00E+12,998407932,E0671,"ELEC, COMPONENT",0,11/1/2023
L463,PPB,6.00E+12,998407932,E0671,"ELEC, COMPONENT",0,12/1/2023
L463,PPB,6.00E+12,998407932,E0671,"ELEC, COMPONENT",0,1/1/2024
L463,PPB,6.00E+12,998407932,E0671,"ELEC, COMPONENT",0,2/1/2024
L463,PPB,6.00E+12,998407932,E0671,"ELEC, COMPONENT",5,3/1/2024
L463,PPB,6.00E+12,998407932,E0671,"ELEC, COMPONENT",5,4/1/2024
L463,PPB,6.00E+12,998407932,E0671,"ELEC, COMPONENT",5,5/1/2024
L463,PPB,6.00E+12,998407932,E0671,"ELEC, COMPONENT",0,6/1/2024
L463,PPB,6.00E+12,998407932,E0671,"ELEC, COMPONENT",0,7/1/2024
L463,PPB,6.00E+12,998407932,E0671,"ELEC, COMPONENT",0,8/1/2024
L463,PPB,6.00E+12,998407932,E0671,"ELEC, COMPONENT",0,9/1/2024
L463,PPB,6.00E+12,998407932,E0671,"ELEC, COMPONENT",0,10/1/2024
L463,PPB,6.00E+12,998407932,E0671,"ELEC, COMPONENT",0,11/1/2024
L463,PPB,6.00E+12,998407932,E0671,"ELEC, COMPONENT",0,12/1/2024
L464,PPB,7.03E+12,16473875,E0671,"Display Unit, Chief of Section",0,10/1/2023
L464,PPB,7.03E+12,16473875,E0671,"Display Unit, Chief of Section",0,11/1/2023
L464,PPB,7.03E+12,16473875,E0671,"Display Unit, Chief of Section",0,12/1/2023
L464,PPB,7.03E+12,16473875,E0671,"Display Unit, Chief of Section",0,1/1/2024
L464,PPB,7.03E+12,16473875,E0671,"Display Unit, Chief of Section",0,2/1/2024
L464,PPB,7.03E+12,16473875,E0671,"Display Unit, Chief of Section",6,3/1/2024
L464,PPB,7.03E+12,16473875,E0671,"Display Unit, Chief of Section",7,4/1/2024
L464,PPB,7.03E+12,16473875,E0671,"Display Unit, Chief of Section",0,5/1/2024
L464,PPB,7.03E+12,16473875,E0671,"Display Unit, Chief of Section",0,6/1/2024
L464,PPB,7.03E+12,16473875,E0671,"Display Unit, Chief of Section",0,7/1/2024
L464,PPB,7.03E+12,16473875,E0671,"Display Unit, Chief of Section",0,8/1/2024
L464,PPB,7.03E+12,16473875,E0671,"Display Unit, Chief of Section",0,9/1/2024
L464,PPB,7.03E+12,16473875,E0671,"Display Unit, Chief of Section",0,10/1/2024
L464,PPB,7.03E+12,16473875,E0671,"Display Unit, Chief of Section",0,11/1/2024
L464,PPB,7.03E+12,16473875,E0671,"Display Unit, Chief of Section",0,12/1/2024
L465,PPB,5.90E+12,16647511,E0671,"Enclosure Assembly, Radio",0,10/1/2023
L465,PPB,5.90E+12,16647511,E0671,"Enclosure Assembly, Radio",0,11/1/2023
L465,PPB,5.90E+12,16647511,E0671,"Enclosure Assembly, Radio",0,12/1/2023
L465,PPB,5.90E+12,16647511,E0671,"Enclosure Assembly, Radio",0,1/1/2024
L465,PPB,5.90E+12,16647511,E0671,"Enclosure Assembly, Radio",0,2/1/2024
L465,PPB,5.90E+12,16647511,E0671,"Enclosure Assembly, Radio",3,3/1/2024
L465,PPB,5.90E+12,16647511,E0671,"Enclosure Assembly, Radio",0,4/1/2024
L465,PPB,5.90E+12,16647511,E0671,"Enclosure Assembly, Radio",0,5/1/2024
L465,PPB,5.90E+12,16647511,E0671,"Enclosure Assembly, Radio",0,6/1/2024
L465,PPB,5.90E+12,16647511,E0671,"Enclosure Assembly, Radio",0,7/1/2024
L465,PPB,5.90E+12,16647511,E0671,"Enclosure Assembly, Radio",0,8/1/2024
L465,PPB,5.90E+12,16647511,E0671,"Enclosure Assembly, Radio",0,9/1/2024
L465,PPB,5.90E+12,16647511,E0671,"Enclosure Assembly, Radio",0,10/1/2024
L465,PPB,5.90E+12,16647511,E0671,"Enclosure Assembly, Radio",0,11/1/2024
L465,PPB,5.90E+12,16647511,E0671,"Enclosure Assembly, Radio",0,12/1/2024
M80C,DMISA,2.81E+12,15556505,C4548,"Engine, Outboard Multi Fuel",0,10/1/2023
M80C,DMISA,2.81E+12,15556505,C4548,"Engine, Outboard Multi Fuel",0,11/1/2023
M80C,DMISA,2.81E+12,15556505,C4548,"Engine, Outboard Multi Fuel",0,12/1/2023
M80C,DMISA,2.81E+12,15556505,C4548,"Engine, Outboard Multi Fuel",0,1/1/2024
M80C,DMISA,2.81E+12,15556505,C4548,"Engine, Outboard Multi Fuel",0,2/1/2024
M80C,DMISA,2.81E+12,15556505,C4548,"Engine, Outboard Multi Fuel",0,3/1/2024
M80C,DMISA,2.81E+12,15556505,C4548,"Engine, Outboard Multi Fuel",0,4/1/2024
M80C,DMISA,2.81E+12,15556505,C4548,"Engine, Outboard Multi Fuel",0,5/1/2024
M80C,DMISA,2.81E+12,15556505,C4548,"Engine, Outboard Multi Fuel",0,6/1/2024
M80C,DMISA,2.81E+12,15556505,C4548,"Engine, Outboard Multi Fuel",0,7/1/2024
M80C,DMISA,2.81E+12,15556505,C4548,"Engine, Outboard Multi Fuel",0,8/1/2024
M80C,DMISA,2.81E+12,15556505,C4548,"Engine, Outboard Multi Fuel",0,9/1/2024
M80C,DMISA,2.81E+12,15556505,C4548,"Engine, Outboard Multi Fuel",0,10/1/2024
M80C,DMISA,2.81E+12,15556505,C4548,"Engine, Outboard Multi Fuel",0,11/1/2024
M80C,DMISA,2.81E+12,15556505,C4548,"Engine, Outboard Multi Fuel",0,12/1/2024
R2AA,DMISA,5.99E+12,15821343,A0169,Antenna,0,10/1/2023
R2AA,DMISA,5.99E+12,15821343,A0169,Antenna,0,11/1/2023
R2AA,DMISA,5.99E+12,15821343,A0169,Antenna,0,12/1/2023
R2AA,DMISA,5.99E+12,15821343,A0169,Antenna,0,1/1/2024
R2AA,DMISA,5.99E+12,15821343,A0169,Antenna,0,2/1/2024
R2AA,DMISA,5.99E+12,15821343,A0169,Antenna,0,3/1/2024
R2AA,DMISA,5.99E+12,15821343,A0169,Antenna,0,4/1/2024
R2AA,DMISA,5.99E+12,15821343,A0169,Antenna,40,5/1/2024
R2AA,DMISA,5.99E+12,15821343,A0169,Antenna,40,6/1/2024
R2AA,DMISA,5.99E+12,15821343,A0169,Antenna,40,7/1/2024
R2AA,DMISA,5.99E+12,15821343,A0169,Antenna,40,8/1/2024
R2AA,DMISA,5.99E+12,15821343,A0169,Antenna,40,9/1/2024
R2AA,DMISA,5.99E+12,15821343,A0169,Antenna,0,10/1/2024
R2AA,DMISA,5.99E+12,15821343,A0169,Antenna,0,11/1/2024
R2AA,DMISA,5.99E+12,15821343,A0169,Antenna,0,12/1/2024
R379,PPA,6.68E+12,2932930,,Clinometers,0,10/1/2023
R379,PPA,6.68E+12,2932930,,Clinometers,2,11/1/2023
R379,PPA,6.68E+12,2932930,,Clinometers,0,12/1/2023
R379,PPA,6.68E+12,2932930,,Clinometers,2,1/1/2024
R379,PPA,6.68E+12,2932930,,Clinometers,0,2/1/2024
R379,PPA,6.68E+12,2932930,,Clinometers,2,3/1/2024
R379,PPA,6.68E+12,2932930,,Clinometers,0,4/1/2024
R379,PPA,6.68E+12,2932930,,Clinometers,2,5/1/2024
R379,PPA,6.68E+12,2932930,,Clinometers,0,6/1/2024
R379,PPA,6.68E+12,2932930,,Clinometers,0,7/1/2024
R379,PPA,6.68E+12,2932930,,Clinometers,0,8/1/2024
R379,PPA,6.68E+12,2932930,,Clinometers,0,9/1/2024
R379,PPA,6.68E+12,2932930,,Clinometers,0,10/1/2024
R379,PPA,6.68E+12,2932930,,Clinometers,0,11/1/2024
R379,PPA,6.68E+12,2932930,,Clinometers,0,12/1/2024
R380,PPA,4.93E+12,1441857,,"Fixture, Checking, Guide Bar Housing",0,10/1/2023
R380,PPA,4.93E+12,1441857,,"Fixture, Checking, Guide Bar Housing",0,11/1/2023
R380,PPA,4.93E+12,1441857,,"Fixture, Checking, Guide Bar Housing",1,12/1/2023
R380,PPA,4.93E+12,1441857,,"Fixture, Checking, Guide Bar Housing",0,1/1/2024
R380,PPA,4.93E+12,1441857,,"Fixture, Checking, Guide Bar Housing",1,2/1/2024
R380,PPA,4.93E+12,1441857,,"Fixture, Checking, Guide Bar Housing",0,3/1/2024
R380,PPA,4.93E+12,1441857,,"Fixture, Checking, Guide Bar Housing",0,4/1/2024
R380,PPA,4.93E+12,1441857,,"Fixture, Checking, Guide Bar Housing",0,5/1/2024
R380,PPA,4.93E+12,1441857,,"Fixture, Checking, Guide Bar Housing",0,6/1/2024
R380,PPA,4.93E+12,1441857,,"Fixture, Checking, Guide Bar Housing",0,7/1/2024
R380,PPA,4.93E+12,1441857,,"Fixture, Checking, Guide Bar Housing",0,8/1/2024
R380,PPA,4.93E+12,1441857,,"Fixture, Checking, Guide Bar Housing",0,9/1/2024
R380,PPA,4.93E+12,1441857,,"Fixture, Checking, Guide Bar Housing",0,10/1/2024
R380,PPA,4.93E+12,1441857,,"Fixture, Checking, Guide Bar Housing",0,11/1/2024
R380,PPA,4.93E+12,1441857,,"Fixture, Checking, Guide Bar Housing",0,12/1/2024
R397,PPA,4.92E+12,11063361,,"Fixture, Aircraft Maintenance",1,10/1/2023
R397,PPA,4.92E+12,11063361,,"Fixture, Aircraft Maintenance",0,11/1/2023
R397,PPA,4.92E+12,11063361,,"Fixture, Aircraft Maintenance",1,12/1/2023
R397,PPA,4.92E+12,11063361,,"Fixture, Aircraft Maintenance",0,1/1/2024
R397,PPA,4.92E+12,11063361,,"Fixture, Aircraft Maintenance",1,2/1/2024
R397,PPA,4.92E+12,11063361,,"Fixture, Aircraft Maintenance",0,3/1/2024
R397,PPA,4.92E+12,11063361,,"Fixture, Aircraft Maintenance",1,4/1/2024
R397,PPA,4.92E+12,11063361,,"Fixture, Aircraft Maintenance",0,5/1/2024
R397,PPA,4.92E+12,11063361,,"Fixture, Aircraft Maintenance",0,6/1/2024
R397,PPA,4.92E+12,11063361,,"Fixture, Aircraft Maintenance",0,7/1/2024
R397,PPA,4.92E+12,11063361,,"Fixture, Aircraft Maintenance",0,8/1/2024
R397,PPA,4.92E+12,11063361,,"Fixture, Aircraft Maintenance",0,9/1/2024
R397,PPA,4.92E+12,11063361,,"Fixture, Aircraft Maintenance",0,10/1/2024
R397,PPA,4.92E+12,11063361,,"Fixture, Aircraft Maintenance",0,11/1/2024
R397,PPA,4.92E+12,11063361,,"Fixture, Aircraft Maintenance",0,12/1/2024
R3A7,PPA,4.92E+12,1616963,,Boresight Equipment,0,10/1/2023
R3A7,PPA,4.92E+12,1616963,,Boresight Equipment,0,11/1/2023
R3A7,PPA,4.92E+12,1616963,,Boresight Equipment,1,12/1/2023
R3A7,PPA,4.92E+12,1616963,,Boresight Equipment,0,1/1/2024
R3A7,PPA,4.92E+12,1616963,,Boresight Equipment,0,2/1/2024
R3A7,PPA,4.92E+12,1616963,,Boresight Equipment,0,3/1/2024
R3A7,PPA,4.92E+12,1616963,,Boresight Equipment,0,4/1/2024
R3A7,PPA,4.92E+12,1616963,,Boresight Equipment,0,5/1/2024
R3A7,PPA,4.92E+12,1616963,,Boresight Equipment,0,6/1/2024
R3A7,PPA,4.92E+12,1616963,,Boresight Equipment,0,7/1/2024
R3A7,PPA,4.92E+12,1616963,,Boresight Equipment,0,8/1/2024
R3A7,PPA,4.92E+12,1616963,,Boresight Equipment,0,9/1/2024
R3A7,PPA,4.92E+12,1616963,,Boresight Equipment,0,10/1/2024
R3A7,PPA,4.92E+12,1616963,,Boresight Equipment,0,11/1/2024
R3A7,PPA,4.92E+12,1616963,,Boresight Equipment,0,12/1/2024
R479,PPA,6.68E+12,2932930,,Clinometers,0,10/1/2023
R479,PPA,6.68E+12,2932930,,Clinometers,1,11/1/2023
R479,PPA,6.68E+12,2932930,,Clinometers,0,12/1/2023
R479,PPA,6.68E+12,2932930,,Clinometers,0,1/1/2024
R479,PPA,6.68E+12,2932930,,Clinometers,0,2/1/2024
R479,PPA,6.68E+12,2932930,,Clinometers,0,3/1/2024
R479,PPA,6.68E+12,2932930,,Clinometers,0,4/1/2024
R479,PPA,6.68E+12,2932930,,Clinometers,0,5/1/2024
R479,PPA,6.68E+12,2932930,,Clinometers,0,6/1/2024
R479,PPA,6.68E+12,2932930,,Clinometers,0,7/1/2024
R479,PPA,6.68E+12,2932930,,Clinometers,0,8/1/2024
R479,PPA,6.68E+12,2932930,,Clinometers,0,9/1/2024
R479,PPA,6.68E+12,2932930,,Clinometers,0,10/1/2024
R479,PPA,6.68E+12,2932930,,Clinometers,0,11/1/2024
R479,PPA,6.68E+12,2932930,,Clinometers,0,12/1/2024
R480,PPA,4.93E+12,1441857,,"Fixture, Checking, Guide Bar Housing",0,10/1/2023
R480,PPA,4.93E+12,1441857,,"Fixture, Checking, Guide Bar Housing",1,11/1/2023
R480,PPA,4.93E+12,1441857,,"Fixture, Checking, Guide Bar Housing",0,12/1/2023
R480,PPA,4.93E+12,1441857,,"Fixture, Checking, Guide Bar Housing",0,1/1/2024
R480,PPA,4.93E+12,1441857,,"Fixture, Checking, Guide Bar Housing",0,2/1/2024
R480,PPA,4.93E+12,1441857,,"Fixture, Checking, Guide Bar Housing",0,3/1/2024
R480,PPA,4.93E+12,1441857,,"Fixture, Checking, Guide Bar Housing",0,4/1/2024
R480,PPA,4.93E+12,1441857,,"Fixture, Checking, Guide Bar Housing",0,5/1/2024
R480,PPA,4.93E+12,1441857,,"Fixture, Checking, Guide Bar Housing",0,6/1/2024
R480,PPA,4.93E+12,1441857,,"Fixture, Checking, Guide Bar Housing",0,7/1/2024
R480,PPA,4.93E+12,1441857,,"Fixture, Checking, Guide Bar Housing",0,8/1/2024
R480,PPA,4.93E+12,1441857,,"Fixture, Checking, Guide Bar Housing",0,9/1/2024
R480,PPA,4.93E+12,1441857,,"Fixture, Checking, Guide Bar Housing",0,10/1/2024
R480,PPA,4.93E+12,1441857,,"Fixture, Checking, Guide Bar Housing",0,11/1/2024
R480,PPA,4.93E+12,1441857,,"Fixture, Checking, Guide Bar Housing",0,12/1/2024
R497,PPA,4.92E+12,11063361,,"Fixture, Aircraft Maintenance",0,10/1/2023
R497,PPA,4.92E+12,11063361,,"Fixture, Aircraft Maintenance",1,11/1/2023
R497,PPA,4.92E+12,11063361,,"Fixture, Aircraft Maintenance",0,12/1/2023
R497,PPA,4.92E+12,11063361,,"Fixture, Aircraft Maintenance",0,1/1/2024
R497,PPA,4.92E+12,11063361,,"Fixture, Aircraft Maintenance",0,2/1/2024
R497,PPA,4.92E+12,11063361,,"Fixture, Aircraft Maintenance",0,3/1/2024
R497,PPA,4.92E+12,11063361,,"Fixture, Aircraft Maintenance",0,4/1/2024
R497,PPA,4.92E+12,11063361,,"Fixture, Aircraft Maintenance",0,5/1/2024
R497,PPA,4.92E+12,11063361,,"Fixture, Aircraft Maintenance",0,6/1/2024
R497,PPA,4.92E+12,11063361,,"Fixture, Aircraft Maintenance",0,7/1/2024
R497,PPA,4.92E+12,11063361,,"Fixture, Aircraft Maintenance",0,8/1/2024
R497,PPA,4.92E+12,11063361,,"Fixture, Aircraft Maintenance",0,9/1/2024
R497,PPA,4.92E+12,11063361,,"Fixture, Aircraft Maintenance",0,10/1/2024
R497,PPA,4.92E+12,11063361,,"Fixture, Aircraft Maintenance",0,11/1/2024
R497,PPA,4.92E+12,11063361,,"Fixture, Aircraft Maintenance",0,12/1/2024
V413,PPA,6.63E+12,14962745,,Multiproduct Calibrator,0,10/1/2023
V413,PPA,6.63E+12,14962745,,Multiproduct Calibrator,1,11/1/2023
V413,PPA,6.63E+12,14962745,,Multiproduct Calibrator,0,12/1/2023
V413,PPA,6.63E+12,14962745,,Multiproduct Calibrator,0,1/1/2024
V413,PPA,6.63E+12,14962745,,Multiproduct Calibrator,0,2/1/2024
V413,PPA,6.63E+12,14962745,,Multiproduct Calibrator,0,3/1/2024
V413,PPA,6.63E+12,14962745,,Multiproduct Calibrator,0,4/1/2024
V413,PPA,6.63E+12,14962745,,Multiproduct Calibrator,0,5/1/2024
V413,PPA,6.63E+12,14962745,,Multiproduct Calibrator,0,6/1/2024
V413,PPA,6.63E+12,14962745,,Multiproduct Calibrator,0,7/1/2024
V413,PPA,6.63E+12,14962745,,Multiproduct Calibrator,0,8/1/2024
V413,PPA,6.63E+12,14962745,,Multiproduct Calibrator,0,9/1/2024
V413,PPA,6.63E+12,14962745,,Multiproduct Calibrator,0,10/1/2024
V413,PPA,6.63E+12,14962745,,Multiproduct Calibrator,0,11/1/2024
V413,PPA,6.63E+12,14962745,,Multiproduct Calibrator,0,12/1/2024
W375,PPA,8.12E+12,15271059,,"Cylinder, Compressed Gas",0,10/1/2023
W375,PPA,8.12E+12,15271059,,"Cylinder, Compressed Gas",4,11/1/2023
W375,PPA,8.12E+12,15271059,,"Cylinder, Compressed Gas",0,12/1/2023
W375,PPA,8.12E+12,15271059,,"Cylinder, Compressed Gas",0,1/1/2024
W375,PPA,8.12E+12,15271059,,"Cylinder, Compressed Gas",0,2/1/2024
W375,PPA,8.12E+12,15271059,,"Cylinder, Compressed Gas",0,3/1/2024
W375,PPA,8.12E+12,15271059,,"Cylinder, Compressed Gas",0,4/1/2024
W375,PPA,8.12E+12,15271059,,"Cylinder, Compressed Gas",0,5/1/2024
W375,PPA,8.12E+12,15271059,,"Cylinder, Compressed Gas",0,6/1/2024
W375,PPA,8.12E+12,15271059,,"Cylinder, Compressed Gas",0,7/1/2024
W375,PPA,8.12E+12,15271059,,"Cylinder, Compressed Gas",0,8/1/2024
W375,PPA,8.12E+12,15271059,,"Cylinder, Compressed Gas",0,9/1/2024
W375,PPA,8.12E+12,15271059,,"Cylinder, Compressed Gas",0,10/1/2024
W375,PPA,8.12E+12,15271059,,"Cylinder, Compressed Gas",0,11/1/2024
W375,PPA,8.12E+12,15271059,,"Cylinder, Compressed Gas",0,12/1/2024
