NIIN,Plant Code,Qty,Current Month,Street and House Number,City,State,Location
1184942,SDA,1,3/1/2024,814 RADFORD BLVDBLDG1221DOOR20,ALBANY,GA,"ALBANY, GA"
1960038,SDA,9,3/1/2024,814 RADFORD BLVDBLDG1221DOOR20,ALBANY,GA,"ALBANY, GA"
4906207,SDA,1,3/1/2024,814 RADFORD BLVDBLDG1221DOOR20,ALBANY,GA,"ALBANY, GA"
10276954,SDA,25,3/1/2024,814 RADFORD BLVDBLDG1221DOOR20,ALBANY,GA,"ALBANY, GA"
10692638,SDA,1,3/1/2024,814 RADFORD BLVDBLDG1221DOOR20,ALBANY,GA,"ALBANY, GA"
10828114,SDA,1,3/1/2024,814 RADFORD BLVDBLDG1221DOOR20,ALBANY,GA,"ALBANY, GA"
10886791,SDA,1,3/1/2024,814 RADFORD BLVDBLDG1221DOOR20,ALBANY,GA,"ALBANY, GA"
10893567,SDA,1,3/1/2024,814 RADFORD BLVDBLDG1221DOOR20,ALBANY,GA,"ALBANY, GA"
10896328,SDA,1,3/1/2024,814 RADFORD BLVDBLDG1221DOOR20,ALBANY,GA,"ALBANY, GA"
11138312,SG2,11,3/1/2024,CENTRAL RECEIVING WHSE 7,BARSTOW,CA,"BARSTOW, CA"
11250461,MG4,1,3/1/2024,BLDG 2200 DOOR N16 (BLDG 2229),ALBANY,GA,"ALBANY, GA"
11250461,SDA,2,3/1/2024,814 RADFORD BLVDBLDG1221DOOR20,ALBANY,GA,"ALBANY, GA"
11385073,MG4,2,3/1/2024,BLDG 2200 DOOR N16 (BLDG 2229),ALBANY,GA,"ALBANY, GA"
11385073,SDA,1,3/1/2024,814 RADFORD BLVDBLDG1221DOOR20,ALBANY,GA,"ALBANY, GA"
11385787,SDA,123,3/1/2024,814 RADFORD BLVDBLDG1221DOOR20,ALBANY,GA,"ALBANY, GA"
11394925,MG4,1,3/1/2024,BLDG 2200 DOOR N16 (BLDG 2229),ALBANY,GA,"ALBANY, GA"
11401312,SDA,18,3/1/2024,814 RADFORD BLVDBLDG1221DOOR20,ALBANY,GA,"ALBANY, GA"
11404253,SDA,40,3/1/2024,814 RADFORD BLVDBLDG1221DOOR20,ALBANY,GA,"ALBANY, GA"
11406008,SDA,1,3/1/2024,814 RADFORD BLVDBLDG1221DOOR20,ALBANY,GA,"ALBANY, GA"
11406030,SDA,4,3/1/2024,814 RADFORD BLVDBLDG1221DOOR20,ALBANY,GA,"ALBANY, GA"
11406067,SDA,13,3/1/2024,814 RADFORD BLVDBLDG1221DOOR20,ALBANY,GA,"ALBANY, GA"
11406068,SDA,19,3/1/2024,814 RADFORD BLVDBLDG1221DOOR20,ALBANY,GA,"ALBANY, GA"
11408415,SDA,8,3/1/2024,814 RADFORD BLVDBLDG1221DOOR20,ALBANY,GA,"ALBANY, GA"
11408629,SDA,9,3/1/2024,814 RADFORD BLVDBLDG1221DOOR20,ALBANY,GA,"ALBANY, GA"
11411132,SDA,15,3/1/2024,814 RADFORD BLVDBLDG1221DOOR20,ALBANY,GA,"ALBANY, GA"
11411133,SDA,18,3/1/2024,814 RADFORD BLVDBLDG1221DOOR20,ALBANY,GA,"ALBANY, GA"
11411153,SDA,14,3/1/2024,814 RADFORD BLVDBLDG1221DOOR20,ALBANY,GA,"ALBANY, GA"
11413094,SDA,1,3/1/2024,814 RADFORD BLVDBLDG1221DOOR20,ALBANY,GA,"ALBANY, GA"
11413118,SDA,12,3/1/2024,814 RADFORD BLVDBLDG1221DOOR20,ALBANY,GA,"ALBANY, GA"
11416000,SDA,17,3/1/2024,814 RADFORD BLVDBLDG1221DOOR20,ALBANY,GA,"ALBANY, GA"
11416001,AN5,2,3/1/2024,2001 NORMANDY DRIV DOOR 113,NEW CUMBERLAND,PA,"NEW CUMBERLAND, PA"
11416001,SDA,12,3/1/2024,814 RADFORD BLVDBLDG1221DOOR20,ALBANY,GA,"ALBANY, GA"
11417398,SDA,7,3/1/2024,814 RADFORD BLVDBLDG1221DOOR20,ALBANY,GA,"ALBANY, GA"
11417399,SDA,10,3/1/2024,814 RADFORD BLVDBLDG1221DOOR20,ALBANY,GA,"ALBANY, GA"
11418139,SDA,10,3/1/2024,814 RADFORD BLVDBLDG1221DOOR20,ALBANY,GA,"ALBANY, GA"
11418140,SDA,3,3/1/2024,814 RADFORD BLVDBLDG1221DOOR20,ALBANY,GA,"ALBANY, GA"
11418141,SDA,3,3/1/2024,814 RADFORD BLVDBLDG1221DOOR20,ALBANY,GA,"ALBANY, GA"
11418146,SDA,1,3/1/2024,814 RADFORD BLVDBLDG1221DOOR20,ALBANY,GA,"ALBANY, GA"
11418148,SDA,6,3/1/2024,814 RADFORD BLVDBLDG1221DOOR20,ALBANY,GA,"ALBANY, GA"
11418161,SDA,7,3/1/2024,814 RADFORD BLVDBLDG1221DOOR20,ALBANY,GA,"ALBANY, GA"
11418617,MG4,1,3/1/2024,BLDG 2200 DOOR N16 (BLDG 2229),ALBANY,GA,"ALBANY, GA"
11418617,MMZ,1,3/1/2024,"BLDG 1012, O STREET",CAMP LEJEUNE,NC,"CAMP LEJEUNE, NC"
11418855,BY6,3,3/1/2024,WAREHOUSE 6 BAY 4,TOBYHANNA,PA,"TOBYHANNA, PA"
11418997,SDA,18,3/1/2024,814 RADFORD BLVDBLDG1221DOOR20,ALBANY,GA,"ALBANY, GA"
11419016,SDA,1,3/1/2024,814 RADFORD BLVDBLDG1221DOOR20,ALBANY,GA,"ALBANY, GA"
11419017,SDA,1,3/1/2024,814 RADFORD BLVDBLDG1221DOOR20,ALBANY,GA,"ALBANY, GA"
11419018,SDA,5,3/1/2024,814 RADFORD BLVDBLDG1221DOOR20,ALBANY,GA,"ALBANY, GA"
11419019,SDA,4,3/1/2024,814 RADFORD BLVDBLDG1221DOOR20,ALBANY,GA,"ALBANY, GA"
11419020,SDA,2,3/1/2024,814 RADFORD BLVDBLDG1221DOOR20,ALBANY,GA,"ALBANY, GA"
11420838,MG4,2,3/1/2024,BLDG 2200 DOOR N16 (BLDG 2229),ALBANY,GA,"ALBANY, GA"
11420838,SDA,1,3/1/2024,814 RADFORD BLVDBLDG1221DOOR20,ALBANY,GA,"ALBANY, GA"
11420839,SDA,22,3/1/2024,814 RADFORD BLVDBLDG1221DOOR20,ALBANY,GA,"ALBANY, GA"
11420926,SDA,3,3/1/2024,814 RADFORD BLVDBLDG1221DOOR20,ALBANY,GA,"ALBANY, GA"
11423646,SDA,3,3/1/2024,814 RADFORD BLVDBLDG1221DOOR20,ALBANY,GA,"ALBANY, GA"
11423749,SDA,22,3/1/2024,814 RADFORD BLVDBLDG1221DOOR20,ALBANY,GA,"ALBANY, GA"
11423769,AN5,2,3/1/2024,2001 NORMANDY DRIV DOOR 113,NEW CUMBERLAND,PA,"NEW CUMBERLAND, PA"
11423769,SDA,14,3/1/2024,814 RADFORD BLVDBLDG1221DOOR20,ALBANY,GA,"ALBANY, GA"
11426627,SDA,41,3/1/2024,814 RADFORD BLVDBLDG1221DOOR20,ALBANY,GA,"ALBANY, GA"
11426721,SDA,1,3/1/2024,814 RADFORD BLVDBLDG1221DOOR20,ALBANY,GA,"ALBANY, GA"
11426774,SDA,3,3/1/2024,814 RADFORD BLVDBLDG1221DOOR20,ALBANY,GA,"ALBANY, GA"
11426778,SDA,3,3/1/2024,814 RADFORD BLVDBLDG1221DOOR20,ALBANY,GA,"ALBANY, GA"
11426779,SDA,6,3/1/2024,814 RADFORD BLVDBLDG1221DOOR20,ALBANY,GA,"ALBANY, GA"
11426780,SDA,1,3/1/2024,814 RADFORD BLVDBLDG1221DOOR20,ALBANY,GA,"ALBANY, GA"
11426789,SDA,9,3/1/2024,814 RADFORD BLVDBLDG1221DOOR20,ALBANY,GA,"ALBANY, GA"
11426790,SDA,2,3/1/2024,814 RADFORD BLVDBLDG1221DOOR20,ALBANY,GA,"ALBANY, GA"
11426792,SDA,4,3/1/2024,814 RADFORD BLVDBLDG1221DOOR20,ALBANY,GA,"ALBANY, GA"
11428007,SDA,12,3/1/2024,814 RADFORD BLVDBLDG1221DOOR20,ALBANY,GA,"ALBANY, GA"
11428098,SDA,12,3/1/2024,814 RADFORD BLVDBLDG1221DOOR20,ALBANY,GA,"ALBANY, GA"
11428115,SDA,6,3/1/2024,814 RADFORD BLVDBLDG1221DOOR20,ALBANY,GA,"ALBANY, GA"
11428142,SDA,2,3/1/2024,814 RADFORD BLVDBLDG1221DOOR20,ALBANY,GA,"ALBANY, GA"
11428169,SDA,14,3/1/2024,814 RADFORD BLVDBLDG1221DOOR20,ALBANY,GA,"ALBANY, GA"
11429222,MG4,3,3/1/2024,BLDG 2200 DOOR N16 (BLDG 2229),ALBANY,GA,"ALBANY, GA"
11429222,SDA,1,3/1/2024,814 RADFORD BLVDBLDG1221DOOR20,ALBANY,GA,"ALBANY, GA"
11429222,BY6,1,3/1/2024,WAREHOUSE 6 BAY 4,TOBYHANNA,PA,"TOBYHANNA, PA"
11429270,SDA,3,3/1/2024,814 RADFORD BLVDBLDG1221DOOR20,ALBANY,GA,"ALBANY, GA"
11433488,AN5,1,3/1/2024,2001 NORMANDY DRIV DOOR 113,NEW CUMBERLAND,PA,"NEW CUMBERLAND, PA"
11435753,SDA,2,3/1/2024,814 RADFORD BLVDBLDG1221DOOR20,ALBANY,GA,"ALBANY, GA"
11436944,SDA,4,3/1/2024,814 RADFORD BLVDBLDG1221DOOR20,ALBANY,GA,"ALBANY, GA"
11437683,SDA,12,3/1/2024,814 RADFORD BLVDBLDG1221DOOR20,ALBANY,GA,"ALBANY, GA"
11439588,SDA,13,3/1/2024,814 RADFORD BLVDBLDG1221DOOR20,ALBANY,GA,"ALBANY, GA"
11439598,SDA,16,3/1/2024,814 RADFORD BLVDBLDG1221DOOR20,ALBANY,GA,"ALBANY, GA"
11443567,SDA,2,3/1/2024,814 RADFORD BLVDBLDG1221DOOR20,ALBANY,GA,"ALBANY, GA"
11446312,SDA,1,3/1/2024,814 RADFORD BLVDBLDG1221DOOR20,ALBANY,GA,"ALBANY, GA"
11448667,SDA,1,3/1/2024,814 RADFORD BLVDBLDG1221DOOR20,ALBANY,GA,"ALBANY, GA"
11450084,SDA,1,3/1/2024,814 RADFORD BLVDBLDG1221DOOR20,ALBANY,GA,"ALBANY, GA"
11457709,MUY,1,3/1/2024,WAREHOUSE 405 MARCORLOGBASE,YERMO,CA,"YERMO, CA"
11457709,SDA,16,3/1/2024,814 RADFORD BLVDBLDG1221DOOR20,ALBANY,GA,"ALBANY, GA"
11467736,SDA,4,3/1/2024,814 RADFORD BLVDBLDG1221DOOR20,ALBANY,GA,"ALBANY, GA"
11513045,SDA,9,3/1/2024,814 RADFORD BLVDBLDG1221DOOR20,ALBANY,GA,"ALBANY, GA"
11549786,SDA,17,3/1/2024,814 RADFORD BLVDBLDG1221DOOR20,ALBANY,GA,"ALBANY, GA"
11566740,SDA,9,3/1/2024,814 RADFORD BLVDBLDG1221DOOR20,ALBANY,GA,"ALBANY, GA"
11601106,SDA,9,3/1/2024,814 RADFORD BLVDBLDG1221DOOR20,ALBANY,GA,"ALBANY, GA"
11607959,SDA,1,3/1/2024,814 RADFORD BLVDBLDG1221DOOR20,ALBANY,GA,"ALBANY, GA"
11661934,SDA,5,3/1/2024,814 RADFORD BLVDBLDG1221DOOR20,ALBANY,GA,"ALBANY, GA"
11671253,SDA,1,3/1/2024,814 RADFORD BLVDBLDG1221DOOR20,ALBANY,GA,"ALBANY, GA"
11807511,SDA,1,3/1/2024,814 RADFORD BLVDBLDG1221DOOR20,ALBANY,GA,"ALBANY, GA"
11809592,AQ5,1,3/1/2024,25600 S CHRISMAN ROAD REC WHSE,TRACY,CA,"TRACY, CA"
11809592,SDA,5,3/1/2024,814 RADFORD BLVDBLDG1221DOOR20,ALBANY,GA,"ALBANY, GA"
11954844,BY6,6,3/1/2024,WAREHOUSE 6 BAY 4,TOBYHANNA,PA,"TOBYHANNA, PA"
11954844,SDA,1,3/1/2024,814 RADFORD BLVDBLDG1221DOOR20,ALBANY,GA,"ALBANY, GA"
11996319,SDA,24,3/1/2024,814 RADFORD BLVDBLDG1221DOOR20,ALBANY,GA,"ALBANY, GA"
12018299,SDA,20,3/1/2024,814 RADFORD BLVDBLDG1221DOOR20,ALBANY,GA,"ALBANY, GA"
12035660,SDA,15,3/1/2024,814 RADFORD BLVDBLDG1221DOOR20,ALBANY,GA,"ALBANY, GA"
12348093,MAB,8,3/1/2024,MARINE CORPS LOGISTICS BASE,ALBANY,GA,"ALBANY, GA"
12389510,SDA,1,3/1/2024,814 RADFORD BLVDBLDG1221DOOR20,ALBANY,GA,"ALBANY, GA"
12579961,MUY,3,3/1/2024,WAREHOUSE 405 MARCORLOGBASE,YERMO,CA,"YERMO, CA"
12579961,SDA,85,3/1/2024,814 RADFORD BLVDBLDG1221DOOR20,ALBANY,GA,"ALBANY, GA"
12579962,SDA,81,3/1/2024,814 RADFORD BLVDBLDG1221DOOR20,ALBANY,GA,"ALBANY, GA"
12579962,BA4,1,3/1/2024,7 FRANKFORD AVE 362,ANNISTON,AL,"ANNISTON, AL"
12589661,SDA,111,3/1/2024,814 RADFORD BLVDBLDG1221DOOR20,ALBANY,GA,"ALBANY, GA"
12739861,SG2,5,3/1/2024,CENTRAL RECEIVING WHSE 7,BARSTOW,CA,"BARSTOW, CA"
12739861,SDA,8,3/1/2024,814 RADFORD BLVDBLDG1221DOOR20,ALBANY,GA,"ALBANY, GA"
12739861,MG4,2,3/1/2024,BLDG 2200 DOOR N16 (BLDG 2229),ALBANY,GA,"ALBANY, GA"
12843968,SDA,12,3/1/2024,814 RADFORD BLVDBLDG1221DOOR20,ALBANY,GA,"ALBANY, GA"
13068093,SDA,1,3/1/2024,814 RADFORD BLVDBLDG1221DOOR20,ALBANY,GA,"ALBANY, GA"
13187990,MAB,9,3/1/2024,MARINE CORPS LOGISTICS BASE,ALBANY,GA,"ALBANY, GA"
13406082,SDA,33,3/1/2024,814 RADFORD BLVDBLDG1221DOOR20,ALBANY,GA,"ALBANY, GA"
13636929,BY6,47,3/1/2024,WAREHOUSE 6 BAY 4,TOBYHANNA,PA,"TOBYHANNA, PA"
13652725,BY6,72,3/1/2024,WAREHOUSE 6 BAY 4,TOBYHANNA,PA,"TOBYHANNA, PA"
13823597,BA4,1,3/1/2024,7 FRANKFORD AVE 362,ANNISTON,AL,"ANNISTON, AL"
13985152,SDA,1,3/1/2024,814 RADFORD BLVDBLDG1221DOOR20,ALBANY,GA,"ALBANY, GA"
14175219,SDA,11,3/1/2024,814 RADFORD BLVDBLDG1221DOOR20,ALBANY,GA,"ALBANY, GA"
14175219,MMZ,2,3/1/2024,"BLDG 1012, O STREET",CAMP LEJEUNE,NC,"CAMP LEJEUNE, NC"
14210093,SDA,60,3/1/2024,814 RADFORD BLVDBLDG1221DOOR20,ALBANY,GA,"ALBANY, GA"
14248515,SDA,1,3/1/2024,814 RADFORD BLVDBLDG1221DOOR20,ALBANY,GA,"ALBANY, GA"
14248519,AN5,1,3/1/2024,2001 NORMANDY DRIV DOOR 113,NEW CUMBERLAND,PA,"NEW CUMBERLAND, PA"
14304990,SDA,29,3/1/2024,814 RADFORD BLVDBLDG1221DOOR20,ALBANY,GA,"ALBANY, GA"
14304990,SG2,1,3/1/2024,CENTRAL RECEIVING WHSE 7,BARSTOW,CA,"BARSTOW, CA"
14562389,SDA,1,3/1/2024,814 RADFORD BLVDBLDG1221DOOR20,ALBANY,GA,"ALBANY, GA"
14583366,SDA,7,3/1/2024,814 RADFORD BLVDBLDG1221DOOR20,ALBANY,GA,"ALBANY, GA"
14584974,MG4,4,3/1/2024,BLDG 2200 DOOR N16 (BLDG 2229),ALBANY,GA,"ALBANY, GA"
14584974,SDA,1,3/1/2024,814 RADFORD BLVDBLDG1221DOOR20,ALBANY,GA,"ALBANY, GA"
14615307,SDA,5,3/1/2024,814 RADFORD BLVDBLDG1221DOOR20,ALBANY,GA,"ALBANY, GA"
14615422,SDA,1,3/1/2024,814 RADFORD BLVDBLDG1221DOOR20,ALBANY,GA,"ALBANY, GA"
14619745,SDA,3,3/1/2024,814 RADFORD BLVDBLDG1221DOOR20,ALBANY,GA,"ALBANY, GA"
14635541,SDA,13,3/1/2024,814 RADFORD BLVDBLDG1221DOOR20,ALBANY,GA,"ALBANY, GA"
14638091,MMZ,1,3/1/2024,"BLDG 1012, O STREET",CAMP LEJEUNE,NC,"CAMP LEJEUNE, NC"
14638091,SDA,44,3/1/2024,814 RADFORD BLVDBLDG1221DOOR20,ALBANY,GA,"ALBANY, GA"
14646135,SDA,7,3/1/2024,814 RADFORD BLVDBLDG1221DOOR20,ALBANY,GA,"ALBANY, GA"
14655993,SDA,2,3/1/2024,814 RADFORD BLVDBLDG1221DOOR20,ALBANY,GA,"ALBANY, GA"
14703108,SG2,6,3/1/2024,CENTRAL RECEIVING WHSE 7,BARSTOW,CA,"BARSTOW, CA"
14703108,SDA,27,3/1/2024,814 RADFORD BLVDBLDG1221DOOR20,ALBANY,GA,"ALBANY, GA"
14703108,MUY,3,3/1/2024,WAREHOUSE 405 MARCORLOGBASE,YERMO,CA,"YERMO, CA"
14723051,SDA,3,3/1/2024,814 RADFORD BLVDBLDG1221DOOR20,ALBANY,GA,"ALBANY, GA"
14726681,MUY,1,3/1/2024,WAREHOUSE 405 MARCORLOGBASE,YERMO,CA,"YERMO, CA"
14726681,SG2,1,3/1/2024,CENTRAL RECEIVING WHSE 7,BARSTOW,CA,"BARSTOW, CA"
14726681,SDA,18,3/1/2024,814 RADFORD BLVDBLDG1221DOOR20,ALBANY,GA,"ALBANY, GA"
14728956,SDA,1,3/1/2024,814 RADFORD BLVDBLDG1221DOOR20,ALBANY,GA,"ALBANY, GA"
14729149,SDA,2,3/1/2024,814 RADFORD BLVDBLDG1221DOOR20,ALBANY,GA,"ALBANY, GA"
14745771,SDA,32,3/1/2024,814 RADFORD BLVDBLDG1221DOOR20,ALBANY,GA,"ALBANY, GA"
14770855,SDA,6,3/1/2024,814 RADFORD BLVDBLDG1221DOOR20,ALBANY,GA,"ALBANY, GA"
14792170,SDA,2,3/1/2024,814 RADFORD BLVDBLDG1221DOOR20,ALBANY,GA,"ALBANY, GA"
14804875,BY6,6,3/1/2024,WAREHOUSE 6 BAY 4,TOBYHANNA,PA,"TOBYHANNA, PA"
14807969,SDA,2,3/1/2024,814 RADFORD BLVDBLDG1221DOOR20,ALBANY,GA,"ALBANY, GA"
14836103,SDA,46,3/1/2024,814 RADFORD BLVDBLDG1221DOOR20,ALBANY,GA,"ALBANY, GA"
14836103,MUY,7,3/1/2024,WAREHOUSE 405 MARCORLOGBASE,YERMO,CA,"YERMO, CA"
14836103,SG2,1,3/1/2024,CENTRAL RECEIVING WHSE 7,BARSTOW,CA,"BARSTOW, CA"
14836103,MMZ,1,3/1/2024,"BLDG 1012, O STREET",CAMP LEJEUNE,NC,"CAMP LEJEUNE, NC"
14863828,SDA,1,3/1/2024,814 RADFORD BLVDBLDG1221DOOR20,ALBANY,GA,"ALBANY, GA"
14864971,SDA,9,3/1/2024,814 RADFORD BLVDBLDG1221DOOR20,ALBANY,GA,"ALBANY, GA"
14865433,SDA,1,3/1/2024,814 RADFORD BLVDBLDG1221DOOR20,ALBANY,GA,"ALBANY, GA"
14870972,BY6,269,3/1/2024,WAREHOUSE 6 BAY 4,TOBYHANNA,PA,"TOBYHANNA, PA"
14870973,MAB,1430,3/1/2024,MARINE CORPS LOGISTICS BASE,ALBANY,GA,"ALBANY, GA"
14870973,BY6,155,3/1/2024,WAREHOUSE 6 BAY 4,TOBYHANNA,PA,"TOBYHANNA, PA"
14870976,SDA,3,3/1/2024,814 RADFORD BLVDBLDG1221DOOR20,ALBANY,GA,"ALBANY, GA"
14870979,MAB,54,3/1/2024,MARINE CORPS LOGISTICS BASE,ALBANY,GA,"ALBANY, GA"
14900312,SDA,57,3/1/2024,814 RADFORD BLVDBLDG1221DOOR20,ALBANY,GA,"ALBANY, GA"
14900312,MUY,8,3/1/2024,WAREHOUSE 405 MARCORLOGBASE,YERMO,CA,"YERMO, CA"
14907018,BY6,9,3/1/2024,WAREHOUSE 6 BAY 4,TOBYHANNA,PA,"TOBYHANNA, PA"
14907423,SDA,6,3/1/2024,814 RADFORD BLVDBLDG1221DOOR20,ALBANY,GA,"ALBANY, GA"
14914623,SDA,10,3/1/2024,814 RADFORD BLVDBLDG1221DOOR20,ALBANY,GA,"ALBANY, GA"
14925276,SDA,4,3/1/2024,814 RADFORD BLVDBLDG1221DOOR20,ALBANY,GA,"ALBANY, GA"
14925302,SDA,6,3/1/2024,814 RADFORD BLVDBLDG1221DOOR20,ALBANY,GA,"ALBANY, GA"
14925307,SDA,1,3/1/2024,814 RADFORD BLVDBLDG1221DOOR20,ALBANY,GA,"ALBANY, GA"
14925598,SDA,9,3/1/2024,814 RADFORD BLVDBLDG1221DOOR20,ALBANY,GA,"ALBANY, GA"
14925618,SDA,3,3/1/2024,814 RADFORD BLVDBLDG1221DOOR20,ALBANY,GA,"ALBANY, GA"
14925658,SDA,5,3/1/2024,814 RADFORD BLVDBLDG1221DOOR20,ALBANY,GA,"ALBANY, GA"
14925675,SDA,2,3/1/2024,814 RADFORD BLVDBLDG1221DOOR20,ALBANY,GA,"ALBANY, GA"
14925704,SDA,1,3/1/2024,814 RADFORD BLVDBLDG1221DOOR20,ALBANY,GA,"ALBANY, GA"
14926451,SDA,1,3/1/2024,814 RADFORD BLVDBLDG1221DOOR20,ALBANY,GA,"ALBANY, GA"
14926462,SDA,1,3/1/2024,814 RADFORD BLVDBLDG1221DOOR20,ALBANY,GA,"ALBANY, GA"
14943442,SDA,1,3/1/2024,814 RADFORD BLVDBLDG1221DOOR20,ALBANY,GA,"ALBANY, GA"
14953321,SDA,1,3/1/2024,814 RADFORD BLVDBLDG1221DOOR20,ALBANY,GA,"ALBANY, GA"
14958109,SDA,1,3/1/2024,814 RADFORD BLVDBLDG1221DOOR20,ALBANY,GA,"ALBANY, GA"
14958700,SDA,7,3/1/2024,814 RADFORD BLVDBLDG1221DOOR20,ALBANY,GA,"ALBANY, GA"
14958700,MG4,2,3/1/2024,BLDG 2200 DOOR N16 (BLDG 2229),ALBANY,GA,"ALBANY, GA"
14962745,SDF,1,3/1/2024,1968 GILBERT ST BLDG W143 DWY,NORFOLK,VA,"NORFOLK, VA"
14963523,MAB,1715,3/1/2024,MARINE CORPS LOGISTICS BASE,ALBANY,GA,"ALBANY, GA"
14963523,LC7,41,3/1/2024,1680 UNIVERSITY AVE,ROCHESTER,NY,"ROCHESTER, NY"
14964246,SDA,4,3/1/2024,814 RADFORD BLVDBLDG1221DOOR20,ALBANY,GA,"ALBANY, GA"
14998669,SG2,4,3/1/2024,CENTRAL RECEIVING WHSE 7,BARSTOW,CA,"BARSTOW, CA"
14998669,SDA,84,3/1/2024,814 RADFORD BLVDBLDG1221DOOR20,ALBANY,GA,"ALBANY, GA"
15003511,BY6,15,3/1/2024,WAREHOUSE 6 BAY 4,TOBYHANNA,PA,"TOBYHANNA, PA"
15005771,SDA,1,3/1/2024,814 RADFORD BLVDBLDG1221DOOR20,ALBANY,GA,"ALBANY, GA"
15012617,SDA,29,3/1/2024,814 RADFORD BLVDBLDG1221DOOR20,ALBANY,GA,"ALBANY, GA"
15021319,SDA,1,3/1/2024,814 RADFORD BLVDBLDG1221DOOR20,ALBANY,GA,"ALBANY, GA"
15031522,SDA,7,3/1/2024,814 RADFORD BLVDBLDG1221DOOR20,ALBANY,GA,"ALBANY, GA"
15044066,MAB,1,3/1/2024,MARINE CORPS LOGISTICS BASE,ALBANY,GA,"ALBANY, GA"
15044143,MAB,39,3/1/2024,MARINE CORPS LOGISTICS BASE,ALBANY,GA,"ALBANY, GA"
15044144,LC7,1,3/1/2024,1680 UNIVERSITY AVE,ROCHESTER,NY,"ROCHESTER, NY"
15049667,SDA,9,3/1/2024,814 RADFORD BLVDBLDG1221DOOR20,ALBANY,GA,"ALBANY, GA"
15049667,LN1,1,3/1/2024,BUILDING 1260 DOOR 9,ALBANY,GA,"ALBANY, GA"
15049675,SDA,2,3/1/2024,814 RADFORD BLVDBLDG1221DOOR20,ALBANY,GA,"ALBANY, GA"
15050814,SDA,9,3/1/2024,814 RADFORD BLVDBLDG1221DOOR20,ALBANY,GA,"ALBANY, GA"
15051750,SDA,1,3/1/2024,814 RADFORD BLVDBLDG1221DOOR20,ALBANY,GA,"ALBANY, GA"
15052803,SDA,15,3/1/2024,814 RADFORD BLVDBLDG1221DOOR20,ALBANY,GA,"ALBANY, GA"
15057751,SDA,192,3/1/2024,814 RADFORD BLVDBLDG1221DOOR20,ALBANY,GA,"ALBANY, GA"
15066613,SDA,5,3/1/2024,814 RADFORD BLVDBLDG1221DOOR20,ALBANY,GA,"ALBANY, GA"
15067585,SDA,5,3/1/2024,814 RADFORD BLVDBLDG1221DOOR20,ALBANY,GA,"ALBANY, GA"
15075778,SDA,2,3/1/2024,814 RADFORD BLVDBLDG1221DOOR20,ALBANY,GA,"ALBANY, GA"
15075778,SG2,1,3/1/2024,CENTRAL RECEIVING WHSE 7,BARSTOW,CA,"BARSTOW, CA"
15075778,SDT,1,3/1/2024,7537 WARDLEIGH RD,HILL AFB,UT,"HILL AFB, UT"
15075796,SDA,17,3/1/2024,814 RADFORD BLVDBLDG1221DOOR20,ALBANY,GA,"ALBANY, GA"
15075815,SDA,6,3/1/2024,814 RADFORD BLVDBLDG1221DOOR20,ALBANY,GA,"ALBANY, GA"
15077004,SDA,35,3/1/2024,814 RADFORD BLVDBLDG1221DOOR20,ALBANY,GA,"ALBANY, GA"
15077011,SDA,2,3/1/2024,814 RADFORD BLVDBLDG1221DOOR20,ALBANY,GA,"ALBANY, GA"
15077024,SDA,3,3/1/2024,814 RADFORD BLVDBLDG1221DOOR20,ALBANY,GA,"ALBANY, GA"
15077394,SDA,1,3/1/2024,814 RADFORD BLVDBLDG1221DOOR20,ALBANY,GA,"ALBANY, GA"
15077403,SDA,1,3/1/2024,814 RADFORD BLVDBLDG1221DOOR20,ALBANY,GA,"ALBANY, GA"
15078747,SDA,56,3/1/2024,814 RADFORD BLVDBLDG1221DOOR20,ALBANY,GA,"ALBANY, GA"
15078747,LN1,1,3/1/2024,BUILDING 1260 DOOR 9,ALBANY,GA,"ALBANY, GA"
15078762,SDA,13,3/1/2024,814 RADFORD BLVDBLDG1221DOOR20,ALBANY,GA,"ALBANY, GA"
15078762,MMZ,1,3/1/2024,"BLDG 1012, O STREET",CAMP LEJEUNE,NC,"CAMP LEJEUNE, NC"
15078769,SDA,6,3/1/2024,814 RADFORD BLVDBLDG1221DOOR20,ALBANY,GA,"ALBANY, GA"
15078769,MF5,1,3/1/2024,"BLDG 1012, O STREET M/F MMFAF5",CAMP LEJEUNE,NC,"CAMP LEJEUNE, NC"
15086267,BY6,1,3/1/2024,WAREHOUSE 6 BAY 4,TOBYHANNA,PA,"TOBYHANNA, PA"
15100540,MG4,10,3/1/2024,BLDG 2200 DOOR N16 (BLDG 2229),ALBANY,GA,"ALBANY, GA"
15100540,SDA,19,3/1/2024,814 RADFORD BLVDBLDG1221DOOR20,ALBANY,GA,"ALBANY, GA"
15103340,SDA,4,3/1/2024,814 RADFORD BLVDBLDG1221DOOR20,ALBANY,GA,"ALBANY, GA"
15158260,SDA,6,3/1/2024,814 RADFORD BLVDBLDG1221DOOR20,ALBANY,GA,"ALBANY, GA"
15158260,MMZ,1,3/1/2024,"BLDG 1012, O STREET",CAMP LEJEUNE,NC,"CAMP LEJEUNE, NC"
15158262,SDA,2,3/1/2024,814 RADFORD BLVDBLDG1221DOOR20,ALBANY,GA,"ALBANY, GA"
15158264,SDA,2,3/1/2024,814 RADFORD BLVDBLDG1221DOOR20,ALBANY,GA,"ALBANY, GA"
15158265,SG2,6,3/1/2024,CENTRAL RECEIVING WHSE 7,BARSTOW,CA,"BARSTOW, CA"
15158265,MUY,7,3/1/2024,WAREHOUSE 405 MARCORLOGBASE,YERMO,CA,"YERMO, CA"
15158265,SDA,4,3/1/2024,814 RADFORD BLVDBLDG1221DOOR20,ALBANY,GA,"ALBANY, GA"
15158265,MMZ,1,3/1/2024,"BLDG 1012, O STREET",CAMP LEJEUNE,NC,"CAMP LEJEUNE, NC"
15194839,SDA,61,3/1/2024,814 RADFORD BLVDBLDG1221DOOR20,ALBANY,GA,"ALBANY, GA"
15197548,SDA,8,3/1/2024,814 RADFORD BLVDBLDG1221DOOR20,ALBANY,GA,"ALBANY, GA"
15197548,BY6,1,3/1/2024,WAREHOUSE 6 BAY 4,TOBYHANNA,PA,"TOBYHANNA, PA"
15198003,SDA,1,3/1/2024,814 RADFORD BLVDBLDG1221DOOR20,ALBANY,GA,"ALBANY, GA"
15209967,MAB,92,3/1/2024,MARINE CORPS LOGISTICS BASE,ALBANY,GA,"ALBANY, GA"
15209967,LC7,14,3/1/2024,1680 UNIVERSITY AVE,ROCHESTER,NY,"ROCHESTER, NY"
15209968,MAB,6,3/1/2024,MARINE CORPS LOGISTICS BASE,ALBANY,GA,"ALBANY, GA"
15210291,MAB,258,3/1/2024,MARINE CORPS LOGISTICS BASE,ALBANY,GA,"ALBANY, GA"
15221216,SDA,15,3/1/2024,814 RADFORD BLVDBLDG1221DOOR20,ALBANY,GA,"ALBANY, GA"
15232722,SDA,1,3/1/2024,814 RADFORD BLVDBLDG1221DOOR20,ALBANY,GA,"ALBANY, GA"
15232722,BA4,1,3/1/2024,7 FRANKFORD AVE 362,ANNISTON,AL,"ANNISTON, AL"
15256692,SDN,1,3/1/2024,RECEIVING BLDG 499,TEXARKANA,TX,"TEXARKANA, TX"
15256692,SG2,24,3/1/2024,CENTRAL RECEIVING WHSE 7,BARSTOW,CA,"BARSTOW, CA"
15256692,SDF,2,3/1/2024,1968 GILBERT ST BLDG W143 DWY,NORFOLK,VA,"NORFOLK, VA"
15256692,BR4,1,3/1/2024,HIGHWAY 82 WEST,TEXARKANA,TX,"TEXARKANA, TX"
15256692,SDA,470,3/1/2024,814 RADFORD BLVDBLDG1221DOOR20,ALBANY,GA,"ALBANY, GA"
15299457,SDA,12,3/1/2024,814 RADFORD BLVDBLDG1221DOOR20,ALBANY,GA,"ALBANY, GA"
15306014,SDA,20,3/1/2024,814 RADFORD BLVDBLDG1221DOOR20,ALBANY,GA,"ALBANY, GA"
15327129,SDA,2,3/1/2024,814 RADFORD BLVDBLDG1221DOOR20,ALBANY,GA,"ALBANY, GA"
15360008,SDA,3,3/1/2024,814 RADFORD BLVDBLDG1221DOOR20,ALBANY,GA,"ALBANY, GA"
15368757,SG2,1,3/1/2024,CENTRAL RECEIVING WHSE 7,BARSTOW,CA,"BARSTOW, CA"
15376441,BY6,1,3/1/2024,WAREHOUSE 6 BAY 4,TOBYHANNA,PA,"TOBYHANNA, PA"
15376441,SDA,2,3/1/2024,814 RADFORD BLVDBLDG1221DOOR20,ALBANY,GA,"ALBANY, GA"
15384215,SDA,30,3/1/2024,814 RADFORD BLVDBLDG1221DOOR20,ALBANY,GA,"ALBANY, GA"
15384375,SDA,3,3/1/2024,814 RADFORD BLVDBLDG1221DOOR20,ALBANY,GA,"ALBANY, GA"
15392807,LN1,1,3/1/2024,BUILDING 1260 DOOR 9,ALBANY,GA,"ALBANY, GA"
15392807,SG2,9,3/1/2024,CENTRAL RECEIVING WHSE 7,BARSTOW,CA,"BARSTOW, CA"
15395327,SDA,2,3/1/2024,814 RADFORD BLVDBLDG1221DOOR20,ALBANY,GA,"ALBANY, GA"
15395347,SDA,1,3/1/2024,814 RADFORD BLVDBLDG1221DOOR20,ALBANY,GA,"ALBANY, GA"
15419063,SDA,1,3/1/2024,814 RADFORD BLVDBLDG1221DOOR20,ALBANY,GA,"ALBANY, GA"
15419063,BA4,388,3/1/2024,7 FRANKFORD AVE 362,ANNISTON,AL,"ANNISTON, AL"
15419063,LN1,2,3/1/2024,BUILDING 1260 DOOR 9,ALBANY,GA,"ALBANY, GA"
15420903,SDF,1,3/1/2024,1968 GILBERT ST BLDG W143 DWY,NORFOLK,VA,"NORFOLK, VA"
15420903,BY6,1,3/1/2024,WAREHOUSE 6 BAY 4,TOBYHANNA,PA,"TOBYHANNA, PA"
15420903,SDA,4,3/1/2024,814 RADFORD BLVDBLDG1221DOOR20,ALBANY,GA,"ALBANY, GA"
15427912,SDA,91,3/1/2024,814 RADFORD BLVDBLDG1221DOOR20,ALBANY,GA,"ALBANY, GA"
15427912,BY6,1,3/1/2024,WAREHOUSE 6 BAY 4,TOBYHANNA,PA,"TOBYHANNA, PA"
15447811,MUY,2,3/1/2024,WAREHOUSE 405 MARCORLOGBASE,YERMO,CA,"YERMO, CA"
15447811,SDA,1,3/1/2024,814 RADFORD BLVDBLDG1221DOOR20,ALBANY,GA,"ALBANY, GA"
15448296,SDA,3,3/1/2024,814 RADFORD BLVDBLDG1221DOOR20,ALBANY,GA,"ALBANY, GA"
15461329,MG4,7,3/1/2024,BLDG 2200 DOOR N16 (BLDG 2229),ALBANY,GA,"ALBANY, GA"
15461329,SDA,5,3/1/2024,814 RADFORD BLVDBLDG1221DOOR20,ALBANY,GA,"ALBANY, GA"
15461330,SDA,7,3/1/2024,814 RADFORD BLVDBLDG1221DOOR20,ALBANY,GA,"ALBANY, GA"
15465223,SDA,1,3/1/2024,814 RADFORD BLVDBLDG1221DOOR20,ALBANY,GA,"ALBANY, GA"
15474017,SDA,6,3/1/2024,814 RADFORD BLVDBLDG1221DOOR20,ALBANY,GA,"ALBANY, GA"
15474017,AN5,2,3/1/2024,2001 NORMANDY DRIV DOOR 113,NEW CUMBERLAND,PA,"NEW CUMBERLAND, PA"
15474017,SDN,1,3/1/2024,RECEIVING BLDG 499,TEXARKANA,TX,"TEXARKANA, TX"
15474017,BR4,1,3/1/2024,HIGHWAY 82 WEST,TEXARKANA,TX,"TEXARKANA, TX"
15487056,SDA,8,3/1/2024,814 RADFORD BLVDBLDG1221DOOR20,ALBANY,GA,"ALBANY, GA"
15491507,SDA,1,3/1/2024,814 RADFORD BLVDBLDG1221DOOR20,ALBANY,GA,"ALBANY, GA"
15502615,LN1,1,3/1/2024,BUILDING 1260 DOOR 9,ALBANY,GA,"ALBANY, GA"
15502615,MG4,3,3/1/2024,BLDG 2200 DOOR N16 (BLDG 2229),ALBANY,GA,"ALBANY, GA"
15525616,SDA,84,3/1/2024,814 RADFORD BLVDBLDG1221DOOR20,ALBANY,GA,"ALBANY, GA"
15525616,SG2,2,3/1/2024,CENTRAL RECEIVING WHSE 7,BARSTOW,CA,"BARSTOW, CA"
15525616,MUY,42,3/1/2024,WAREHOUSE 405 MARCORLOGBASE,YERMO,CA,"YERMO, CA"
15531937,SDA,5,3/1/2024,814 RADFORD BLVDBLDG1221DOOR20,ALBANY,GA,"ALBANY, GA"
15531937,SG2,1,3/1/2024,CENTRAL RECEIVING WHSE 7,BARSTOW,CA,"BARSTOW, CA"
15531937,BY6,4,3/1/2024,WAREHOUSE 6 BAY 4,TOBYHANNA,PA,"TOBYHANNA, PA"
15535866,SDA,2,3/1/2024,814 RADFORD BLVDBLDG1221DOOR20,ALBANY,GA,"ALBANY, GA"
15535870,SDA,421,3/1/2024,814 RADFORD BLVDBLDG1221DOOR20,ALBANY,GA,"ALBANY, GA"
15536111,SDA,196,3/1/2024,814 RADFORD BLVDBLDG1221DOOR20,ALBANY,GA,"ALBANY, GA"
15541735,MG4,4,3/1/2024,BLDG 2200 DOOR N16 (BLDG 2229),ALBANY,GA,"ALBANY, GA"
15541735,SDA,416,3/1/2024,814 RADFORD BLVDBLDG1221DOOR20,ALBANY,GA,"ALBANY, GA"
15549530,MAB,4963,3/1/2024,MARINE CORPS LOGISTICS BASE,ALBANY,GA,"ALBANY, GA"
15549530,LN1,5,3/1/2024,BUILDING 1260 DOOR 9,ALBANY,GA,"ALBANY, GA"
15549530,MBB,26,3/1/2024,BOX 110870,BARSTOW,CA,"BARSTOW, CA"
15555445,SDF,1,3/1/2024,1968 GILBERT ST BLDG W143 DWY,NORFOLK,VA,"NORFOLK, VA"
15556505,SDA,1,3/1/2024,814 RADFORD BLVDBLDG1221DOOR20,ALBANY,GA,"ALBANY, GA"
15559351,BA4,6,3/1/2024,7 FRANKFORD AVE 362,ANNISTON,AL,"ANNISTON, AL"
15561190,SDA,3,3/1/2024,814 RADFORD BLVDBLDG1221DOOR20,ALBANY,GA,"ALBANY, GA"
15569538,SDA,33,3/1/2024,814 RADFORD BLVDBLDG1221DOOR20,ALBANY,GA,"ALBANY, GA"
15584181,SDA,1,3/1/2024,814 RADFORD BLVDBLDG1221DOOR20,ALBANY,GA,"ALBANY, GA"
15589420,SG2,7,3/1/2024,CENTRAL RECEIVING WHSE 7,BARSTOW,CA,"BARSTOW, CA"
15589420,MUY,3,3/1/2024,WAREHOUSE 405 MARCORLOGBASE,YERMO,CA,"YERMO, CA"
15589420,SDA,6,3/1/2024,814 RADFORD BLVDBLDG1221DOOR20,ALBANY,GA,"ALBANY, GA"
15589423,SDA,4,3/1/2024,814 RADFORD BLVDBLDG1221DOOR20,ALBANY,GA,"ALBANY, GA"
15589427,MF5,1,3/1/2024,"BLDG 1012, O STREET M/F MMFAF5",CAMP LEJEUNE,NC,"CAMP LEJEUNE, NC"
15589427,SDA,36,3/1/2024,814 RADFORD BLVDBLDG1221DOOR20,ALBANY,GA,"ALBANY, GA"
15589972,SDA,56,3/1/2024,814 RADFORD BLVDBLDG1221DOOR20,ALBANY,GA,"ALBANY, GA"
15589972,BY6,16,3/1/2024,WAREHOUSE 6 BAY 4,TOBYHANNA,PA,"TOBYHANNA, PA"
15593985,MAB,80,3/1/2024,MARINE CORPS LOGISTICS BASE,ALBANY,GA,"ALBANY, GA"
15593985,BY6,1,3/1/2024,WAREHOUSE 6 BAY 4,TOBYHANNA,PA,"TOBYHANNA, PA"
15593993,SDA,67,3/1/2024,814 RADFORD BLVDBLDG1221DOOR20,ALBANY,GA,"ALBANY, GA"
15594037,SDA,33,3/1/2024,814 RADFORD BLVDBLDG1221DOOR20,ALBANY,GA,"ALBANY, GA"
15594737,SDA,15,3/1/2024,814 RADFORD BLVDBLDG1221DOOR20,ALBANY,GA,"ALBANY, GA"
15596037,SDA,102,3/1/2024,814 RADFORD BLVDBLDG1221DOOR20,ALBANY,GA,"ALBANY, GA"
15596037,BY6,2,3/1/2024,WAREHOUSE 6 BAY 4,TOBYHANNA,PA,"TOBYHANNA, PA"
15596037,AN5,1,3/1/2024,2001 NORMANDY DRIV DOOR 113,NEW CUMBERLAND,PA,"NEW CUMBERLAND, PA"
15596055,BY6,2,3/1/2024,WAREHOUSE 6 BAY 4,TOBYHANNA,PA,"TOBYHANNA, PA"
15596055,SDC,2,3/1/2024,WAREHOUSE 6 BAY 4,TOBYHANNA,PA,"TOBYHANNA, PA"
15596055,SDA,2,3/1/2024,814 RADFORD BLVDBLDG1221DOOR20,ALBANY,GA,"ALBANY, GA"
15596060,LN1,1,3/1/2024,BUILDING 1260 DOOR 9,ALBANY,GA,"ALBANY, GA"
15596060,MMZ,1,3/1/2024,"BLDG 1012, O STREET",CAMP LEJEUNE,NC,"CAMP LEJEUNE, NC"
15596060,SDA,49,3/1/2024,814 RADFORD BLVDBLDG1221DOOR20,ALBANY,GA,"ALBANY, GA"
15596073,SDA,9,3/1/2024,814 RADFORD BLVDBLDG1221DOOR20,ALBANY,GA,"ALBANY, GA"
15596073,BY6,2,3/1/2024,WAREHOUSE 6 BAY 4,TOBYHANNA,PA,"TOBYHANNA, PA"
15596073,LN1,1,3/1/2024,BUILDING 1260 DOOR 9,ALBANY,GA,"ALBANY, GA"
15596074,SDA,2,3/1/2024,814 RADFORD BLVDBLDG1221DOOR20,ALBANY,GA,"ALBANY, GA"
15598817,SDA,1,3/1/2024,814 RADFORD BLVDBLDG1221DOOR20,ALBANY,GA,"ALBANY, GA"
15598819,SDA,15,3/1/2024,814 RADFORD BLVDBLDG1221DOOR20,ALBANY,GA,"ALBANY, GA"
15607789,SDA,5,3/1/2024,814 RADFORD BLVDBLDG1221DOOR20,ALBANY,GA,"ALBANY, GA"
15611293,MG4,2,3/1/2024,BLDG 2200 DOOR N16 (BLDG 2229),ALBANY,GA,"ALBANY, GA"
15619501,MAB,22,3/1/2024,MARINE CORPS LOGISTICS BASE,ALBANY,GA,"ALBANY, GA"
15620852,MG4,3,3/1/2024,BLDG 2200 DOOR N16 (BLDG 2229),ALBANY,GA,"ALBANY, GA"
15623698,SDA,2,3/1/2024,814 RADFORD BLVDBLDG1221DOOR20,ALBANY,GA,"ALBANY, GA"
15627515,SDA,2,3/1/2024,814 RADFORD BLVDBLDG1221DOOR20,ALBANY,GA,"ALBANY, GA"
15633271,SDA,1,3/1/2024,814 RADFORD BLVDBLDG1221DOOR20,ALBANY,GA,"ALBANY, GA"
15640122,SDA,3,3/1/2024,814 RADFORD BLVDBLDG1221DOOR20,ALBANY,GA,"ALBANY, GA"
15640122,LN1,6,3/1/2024,BUILDING 1260 DOOR 9,ALBANY,GA,"ALBANY, GA"
15640901,SDA,7,3/1/2024,814 RADFORD BLVDBLDG1221DOOR20,ALBANY,GA,"ALBANY, GA"
15640926,SDA,2,3/1/2024,814 RADFORD BLVDBLDG1221DOOR20,ALBANY,GA,"ALBANY, GA"
15640952,SDA,18,3/1/2024,814 RADFORD BLVDBLDG1221DOOR20,ALBANY,GA,"ALBANY, GA"
15640952,MF5,1,3/1/2024,"BLDG 1012, O STREET M/F MMFAF5",CAMP LEJEUNE,NC,"CAMP LEJEUNE, NC"
15644042,SDA,26,3/1/2024,814 RADFORD BLVDBLDG1221DOOR20,ALBANY,GA,"ALBANY, GA"
15644914,SDA,37,3/1/2024,814 RADFORD BLVDBLDG1221DOOR20,ALBANY,GA,"ALBANY, GA"
15648787,SDA,30,3/1/2024,814 RADFORD BLVDBLDG1221DOOR20,ALBANY,GA,"ALBANY, GA"
15649001,BY6,3,3/1/2024,WAREHOUSE 6 BAY 4,TOBYHANNA,PA,"TOBYHANNA, PA"
15649001,SDA,4,3/1/2024,814 RADFORD BLVDBLDG1221DOOR20,ALBANY,GA,"ALBANY, GA"
15653428,BK5,2,3/1/2024,1 OVERCASH AVE LETTERKENNY AD,CHAMBERSBURG,PA,"CHAMBERSBURG, PA"
15653872,SDA,48,3/1/2024,814 RADFORD BLVDBLDG1221DOOR20,ALBANY,GA,"ALBANY, GA"
15658920,SDA,1,3/1/2024,814 RADFORD BLVDBLDG1221DOOR20,ALBANY,GA,"ALBANY, GA"
15658920,MUY,1,3/1/2024,WAREHOUSE 405 MARCORLOGBASE,YERMO,CA,"YERMO, CA"
15660376,SG2,1,3/1/2024,CENTRAL RECEIVING WHSE 7,BARSTOW,CA,"BARSTOW, CA"
15660376,SDA,2,3/1/2024,814 RADFORD BLVDBLDG1221DOOR20,ALBANY,GA,"ALBANY, GA"
15660958,SDA,234,3/1/2024,814 RADFORD BLVDBLDG1221DOOR20,ALBANY,GA,"ALBANY, GA"
15662804,SDA,1,3/1/2024,814 RADFORD BLVDBLDG1221DOOR20,ALBANY,GA,"ALBANY, GA"
15674095,SDA,25,3/1/2024,814 RADFORD BLVDBLDG1221DOOR20,ALBANY,GA,"ALBANY, GA"
15674127,SDA,32,3/1/2024,814 RADFORD BLVDBLDG1221DOOR20,ALBANY,GA,"ALBANY, GA"
15674209,SDA,1,3/1/2024,814 RADFORD BLVDBLDG1221DOOR20,ALBANY,GA,"ALBANY, GA"
15675112,SDA,1,3/1/2024,814 RADFORD BLVDBLDG1221DOOR20,ALBANY,GA,"ALBANY, GA"
15675164,SDA,1,3/1/2024,814 RADFORD BLVDBLDG1221DOOR20,ALBANY,GA,"ALBANY, GA"
15678975,SDA,1,3/1/2024,814 RADFORD BLVDBLDG1221DOOR20,ALBANY,GA,"ALBANY, GA"
15679312,SDA,17,3/1/2024,814 RADFORD BLVDBLDG1221DOOR20,ALBANY,GA,"ALBANY, GA"
15681160,SDA,3,3/1/2024,814 RADFORD BLVDBLDG1221DOOR20,ALBANY,GA,"ALBANY, GA"
15683812,SDA,2,3/1/2024,814 RADFORD BLVDBLDG1221DOOR20,ALBANY,GA,"ALBANY, GA"
15687119,SDA,1,3/1/2024,814 RADFORD BLVDBLDG1221DOOR20,ALBANY,GA,"ALBANY, GA"
15694274,SDD,2,3/1/2024,455 BYRON STREET BLDG 376,ROBINS A F B,GA,"ROBINS A F B, GA"
15694274,SDA,4,3/1/2024,814 RADFORD BLVDBLDG1221DOOR20,ALBANY,GA,"ALBANY, GA"
15699337,SDA,4,3/1/2024,814 RADFORD BLVDBLDG1221DOOR20,ALBANY,GA,"ALBANY, GA"
15702779,SDA,2,3/1/2024,814 RADFORD BLVDBLDG1221DOOR20,ALBANY,GA,"ALBANY, GA"
15702781,SDA,7,3/1/2024,814 RADFORD BLVDBLDG1221DOOR20,ALBANY,GA,"ALBANY, GA"
15707141,SDA,2,3/1/2024,814 RADFORD BLVDBLDG1221DOOR20,ALBANY,GA,"ALBANY, GA"
15709746,LN1,1,3/1/2024,BUILDING 1260 DOOR 9,ALBANY,GA,"ALBANY, GA"
15709746,MUY,124,3/1/2024,WAREHOUSE 405 MARCORLOGBASE,YERMO,CA,"YERMO, CA"
15709746,BY6,46,3/1/2024,WAREHOUSE 6 BAY 4,TOBYHANNA,PA,"TOBYHANNA, PA"
15709746,SG2,100,3/1/2024,CENTRAL RECEIVING WHSE 7,BARSTOW,CA,"BARSTOW, CA"
15709746,SDA,522,3/1/2024,814 RADFORD BLVDBLDG1221DOOR20,ALBANY,GA,"ALBANY, GA"
15722922,SDA,1,3/1/2024,814 RADFORD BLVDBLDG1221DOOR20,ALBANY,GA,"ALBANY, GA"
15728070,SDA,2,3/1/2024,814 RADFORD BLVDBLDG1221DOOR20,ALBANY,GA,"ALBANY, GA"
15733394,SG2,1,3/1/2024,CENTRAL RECEIVING WHSE 7,BARSTOW,CA,"BARSTOW, CA"
15733394,SDA,25,3/1/2024,814 RADFORD BLVDBLDG1221DOOR20,ALBANY,GA,"ALBANY, GA"
15733394,MMZ,1,3/1/2024,"BLDG 1012, O STREET",CAMP LEJEUNE,NC,"CAMP LEJEUNE, NC"
15740605,SDA,6,3/1/2024,814 RADFORD BLVDBLDG1221DOOR20,ALBANY,GA,"ALBANY, GA"
15740605,MF5,1,3/1/2024,"BLDG 1012, O STREET M/F MMFAF5",CAMP LEJEUNE,NC,"CAMP LEJEUNE, NC"
15740696,SDA,55,3/1/2024,814 RADFORD BLVDBLDG1221DOOR20,ALBANY,GA,"ALBANY, GA"
15740707,SDA,9,3/1/2024,814 RADFORD BLVDBLDG1221DOOR20,ALBANY,GA,"ALBANY, GA"
15740714,SDA,6,3/1/2024,814 RADFORD BLVDBLDG1221DOOR20,ALBANY,GA,"ALBANY, GA"
15740721,SG2,3,3/1/2024,CENTRAL RECEIVING WHSE 7,BARSTOW,CA,"BARSTOW, CA"
15740721,SDA,53,3/1/2024,814 RADFORD BLVDBLDG1221DOOR20,ALBANY,GA,"ALBANY, GA"
15769025,SDA,3,3/1/2024,814 RADFORD BLVDBLDG1221DOOR20,ALBANY,GA,"ALBANY, GA"
15785321,SDA,1,3/1/2024,814 RADFORD BLVDBLDG1221DOOR20,ALBANY,GA,"ALBANY, GA"
15789775,LN1,1,3/1/2024,BUILDING 1260 DOOR 9,ALBANY,GA,"ALBANY, GA"
15789775,MAB,111,3/1/2024,MARINE CORPS LOGISTICS BASE,ALBANY,GA,"ALBANY, GA"
15789961,SDA,12,3/1/2024,814 RADFORD BLVDBLDG1221DOOR20,ALBANY,GA,"ALBANY, GA"
15790876,SDA,1,3/1/2024,814 RADFORD BLVDBLDG1221DOOR20,ALBANY,GA,"ALBANY, GA"
15791462,SDA,13,3/1/2024,814 RADFORD BLVDBLDG1221DOOR20,ALBANY,GA,"ALBANY, GA"
15791479,SDA,7,3/1/2024,814 RADFORD BLVDBLDG1221DOOR20,ALBANY,GA,"ALBANY, GA"
15791581,SDA,6,3/1/2024,814 RADFORD BLVDBLDG1221DOOR20,ALBANY,GA,"ALBANY, GA"
15795012,SDA,2,3/1/2024,814 RADFORD BLVDBLDG1221DOOR20,ALBANY,GA,"ALBANY, GA"
15795012,SG2,3,3/1/2024,CENTRAL RECEIVING WHSE 7,BARSTOW,CA,"BARSTOW, CA"
15800482,SDA,1,3/1/2024,814 RADFORD BLVDBLDG1221DOOR20,ALBANY,GA,"ALBANY, GA"
15805471,BY6,2,3/1/2024,WAREHOUSE 6 BAY 4,TOBYHANNA,PA,"TOBYHANNA, PA"
15805471,LN1,22,3/1/2024,BUILDING 1260 DOOR 9,ALBANY,GA,"ALBANY, GA"
15805471,MAB,1397,3/1/2024,MARINE CORPS LOGISTICS BASE,ALBANY,GA,"ALBANY, GA"
15813199,SDA,8,3/1/2024,814 RADFORD BLVDBLDG1221DOOR20,ALBANY,GA,"ALBANY, GA"
15816955,SDA,1,3/1/2024,814 RADFORD BLVDBLDG1221DOOR20,ALBANY,GA,"ALBANY, GA"
15817287,BY6,1021,3/1/2024,WAREHOUSE 6 BAY 4,TOBYHANNA,PA,"TOBYHANNA, PA"
15817287,MAB,1066,3/1/2024,MARINE CORPS LOGISTICS BASE,ALBANY,GA,"ALBANY, GA"
15821343,BY6,288,3/1/2024,WAREHOUSE 6 BAY 4,TOBYHANNA,PA,"TOBYHANNA, PA"
15822297,SDA,6,3/1/2024,814 RADFORD BLVDBLDG1221DOOR20,ALBANY,GA,"ALBANY, GA"
15822495,BY6,4,3/1/2024,WAREHOUSE 6 BAY 4,TOBYHANNA,PA,"TOBYHANNA, PA"
15847861,SDA,9,3/1/2024,814 RADFORD BLVDBLDG1221DOOR20,ALBANY,GA,"ALBANY, GA"
15848748,SDA,59,3/1/2024,814 RADFORD BLVDBLDG1221DOOR20,ALBANY,GA,"ALBANY, GA"
15852735,LN1,3,3/1/2024,BUILDING 1260 DOOR 9,ALBANY,GA,"ALBANY, GA"
15852735,MAB,207,3/1/2024,MARINE CORPS LOGISTICS BASE,ALBANY,GA,"ALBANY, GA"
15853683,SDA,1,3/1/2024,814 RADFORD BLVDBLDG1221DOOR20,ALBANY,GA,"ALBANY, GA"
15853683,SG2,1,3/1/2024,CENTRAL RECEIVING WHSE 7,BARSTOW,CA,"BARSTOW, CA"
15853684,MG4,1,3/1/2024,BLDG 2200 DOOR N16 (BLDG 2229),ALBANY,GA,"ALBANY, GA"
15865355,SDA,38,3/1/2024,814 RADFORD BLVDBLDG1221DOOR20,ALBANY,GA,"ALBANY, GA"
15867693,SDA,2,3/1/2024,814 RADFORD BLVDBLDG1221DOOR20,ALBANY,GA,"ALBANY, GA"
15867693,SG2,1,3/1/2024,CENTRAL RECEIVING WHSE 7,BARSTOW,CA,"BARSTOW, CA"
15871979,SDA,12,3/1/2024,814 RADFORD BLVDBLDG1221DOOR20,ALBANY,GA,"ALBANY, GA"
15874725,SDA,4,3/1/2024,814 RADFORD BLVDBLDG1221DOOR20,ALBANY,GA,"ALBANY, GA"
15875877,BY6,3,3/1/2024,WAREHOUSE 6 BAY 4,TOBYHANNA,PA,"TOBYHANNA, PA"
15875899,SDA,41,3/1/2024,814 RADFORD BLVDBLDG1221DOOR20,ALBANY,GA,"ALBANY, GA"
15876137,SDA,1,3/1/2024,814 RADFORD BLVDBLDG1221DOOR20,ALBANY,GA,"ALBANY, GA"
15883576,SDA,105,3/1/2024,814 RADFORD BLVDBLDG1221DOOR20,ALBANY,GA,"ALBANY, GA"
15883763,SDA,7,3/1/2024,814 RADFORD BLVDBLDG1221DOOR20,ALBANY,GA,"ALBANY, GA"
15883771,SDA,1,3/1/2024,814 RADFORD BLVDBLDG1221DOOR20,ALBANY,GA,"ALBANY, GA"
15891282,SDA,1,3/1/2024,814 RADFORD BLVDBLDG1221DOOR20,ALBANY,GA,"ALBANY, GA"
15891633,MUY,1,3/1/2024,WAREHOUSE 405 MARCORLOGBASE,YERMO,CA,"YERMO, CA"
15904871,SDA,5,3/1/2024,814 RADFORD BLVDBLDG1221DOOR20,ALBANY,GA,"ALBANY, GA"
15908126,SDA,3,3/1/2024,814 RADFORD BLVDBLDG1221DOOR20,ALBANY,GA,"ALBANY, GA"
15910115,SDA,90,3/1/2024,814 RADFORD BLVDBLDG1221DOOR20,ALBANY,GA,"ALBANY, GA"
15918656,SDA,1,3/1/2024,814 RADFORD BLVDBLDG1221DOOR20,ALBANY,GA,"ALBANY, GA"
15919024,SDA,2,3/1/2024,814 RADFORD BLVDBLDG1221DOOR20,ALBANY,GA,"ALBANY, GA"
15919807,SDA,1,3/1/2024,814 RADFORD BLVDBLDG1221DOOR20,ALBANY,GA,"ALBANY, GA"
15919807,MG4,1,3/1/2024,BLDG 2200 DOOR N16 (BLDG 2229),ALBANY,GA,"ALBANY, GA"
15919807,MMZ,1,3/1/2024,"BLDG 1012, O STREET",CAMP LEJEUNE,NC,"CAMP LEJEUNE, NC"
15921355,SDA,1,3/1/2024,814 RADFORD BLVDBLDG1221DOOR20,ALBANY,GA,"ALBANY, GA"
15924787,LN1,1,3/1/2024,BUILDING 1260 DOOR 9,ALBANY,GA,"ALBANY, GA"
15924787,SDA,2,3/1/2024,814 RADFORD BLVDBLDG1221DOOR20,ALBANY,GA,"ALBANY, GA"
15943320,SDA,29,3/1/2024,814 RADFORD BLVDBLDG1221DOOR20,ALBANY,GA,"ALBANY, GA"
15943335,SDA,28,3/1/2024,814 RADFORD BLVDBLDG1221DOOR20,ALBANY,GA,"ALBANY, GA"
15943335,BK5,1,3/1/2024,1 OVERCASH AVE LETTERKENNY AD,CHAMBERSBURG,PA,"CHAMBERSBURG, PA"
15950519,LN1,2,3/1/2024,BUILDING 1260 DOOR 9,ALBANY,GA,"ALBANY, GA"
15950519,SDA,51,3/1/2024,814 RADFORD BLVDBLDG1221DOOR20,ALBANY,GA,"ALBANY, GA"
15965048,SG2,2,3/1/2024,CENTRAL RECEIVING WHSE 7,BARSTOW,CA,"BARSTOW, CA"
15965048,SDA,8,3/1/2024,814 RADFORD BLVDBLDG1221DOOR20,ALBANY,GA,"ALBANY, GA"
15967910,SDA,1,3/1/2024,814 RADFORD BLVDBLDG1221DOOR20,ALBANY,GA,"ALBANY, GA"
15980779,MMZ,1,3/1/2024,"BLDG 1012, O STREET",CAMP LEJEUNE,NC,"CAMP LEJEUNE, NC"
15980779,SDA,1,3/1/2024,814 RADFORD BLVDBLDG1221DOOR20,ALBANY,GA,"ALBANY, GA"
15980829,SDA,8,3/1/2024,814 RADFORD BLVDBLDG1221DOOR20,ALBANY,GA,"ALBANY, GA"
15980829,LN1,1,3/1/2024,BUILDING 1260 DOOR 9,ALBANY,GA,"ALBANY, GA"
15980856,SDA,2,3/1/2024,814 RADFORD BLVDBLDG1221DOOR20,ALBANY,GA,"ALBANY, GA"
15980922,BY6,1,3/1/2024,WAREHOUSE 6 BAY 4,TOBYHANNA,PA,"TOBYHANNA, PA"
15980922,SDA,3,3/1/2024,814 RADFORD BLVDBLDG1221DOOR20,ALBANY,GA,"ALBANY, GA"
15980922,LN1,2,3/1/2024,BUILDING 1260 DOOR 9,ALBANY,GA,"ALBANY, GA"
15981249,SDA,149,3/1/2024,814 RADFORD BLVDBLDG1221DOOR20,ALBANY,GA,"ALBANY, GA"
15981249,MMF,12,3/1/2024,"7TH & A ST, BLDG 2262",CAMP PENDLETON,CA,"CAMP PENDLETON, CA"
15981249,BY6,1,3/1/2024,WAREHOUSE 6 BAY 4,TOBYHANNA,PA,"TOBYHANNA, PA"
15981568,SDA,2,3/1/2024,814 RADFORD BLVDBLDG1221DOOR20,ALBANY,GA,"ALBANY, GA"
15981587,SDA,5,3/1/2024,814 RADFORD BLVDBLDG1221DOOR20,ALBANY,GA,"ALBANY, GA"
15981874,SDA,1,3/1/2024,814 RADFORD BLVDBLDG1221DOOR20,ALBANY,GA,"ALBANY, GA"
15987154,SDA,1,3/1/2024,814 RADFORD BLVDBLDG1221DOOR20,ALBANY,GA,"ALBANY, GA"
15991753,SDA,17,3/1/2024,814 RADFORD BLVDBLDG1221DOOR20,ALBANY,GA,"ALBANY, GA"
15997909,SDA,1,3/1/2024,814 RADFORD BLVDBLDG1221DOOR20,ALBANY,GA,"ALBANY, GA"
15999801,SDA,5,3/1/2024,814 RADFORD BLVDBLDG1221DOOR20,ALBANY,GA,"ALBANY, GA"
16004568,SDA,97,3/1/2024,814 RADFORD BLVDBLDG1221DOOR20,ALBANY,GA,"ALBANY, GA"
16004568,MMZ,1,3/1/2024,"BLDG 1012, O STREET",CAMP LEJEUNE,NC,"CAMP LEJEUNE, NC"
16004570,SDA,4,3/1/2024,814 RADFORD BLVDBLDG1221DOOR20,ALBANY,GA,"ALBANY, GA"
16004718,MMZ,4,3/1/2024,"BLDG 1012, O STREET",CAMP LEJEUNE,NC,"CAMP LEJEUNE, NC"
16004718,SDA,26,3/1/2024,814 RADFORD BLVDBLDG1221DOOR20,ALBANY,GA,"ALBANY, GA"
16004718,LN1,2,3/1/2024,BUILDING 1260 DOOR 9,ALBANY,GA,"ALBANY, GA"
16004719,MAB,370,3/1/2024,MARINE CORPS LOGISTICS BASE,ALBANY,GA,"ALBANY, GA"
16018069,BY6,2,3/1/2024,WAREHOUSE 6 BAY 4,TOBYHANNA,PA,"TOBYHANNA, PA"
16018069,SDA,6,3/1/2024,814 RADFORD BLVDBLDG1221DOOR20,ALBANY,GA,"ALBANY, GA"
16028367,MMZ,14,3/1/2024,"BLDG 1012, O STREET",CAMP LEJEUNE,NC,"CAMP LEJEUNE, NC"
16028367,MF5,1,3/1/2024,"BLDG 1012, O STREET M/F MMFAF5",CAMP LEJEUNE,NC,"CAMP LEJEUNE, NC"
16028367,SDA,127,3/1/2024,814 RADFORD BLVDBLDG1221DOOR20,ALBANY,GA,"ALBANY, GA"
16041334,SG2,1,3/1/2024,CENTRAL RECEIVING WHSE 7,BARSTOW,CA,"BARSTOW, CA"
16041334,SDA,1,3/1/2024,814 RADFORD BLVDBLDG1221DOOR20,ALBANY,GA,"ALBANY, GA"
16049538,MMZ,2,3/1/2024,"BLDG 1012, O STREET",CAMP LEJEUNE,NC,"CAMP LEJEUNE, NC"
16049538,SDA,56,3/1/2024,814 RADFORD BLVDBLDG1221DOOR20,ALBANY,GA,"ALBANY, GA"
16055218,SDA,12,3/1/2024,814 RADFORD BLVDBLDG1221DOOR20,ALBANY,GA,"ALBANY, GA"
16058814,SDA,33,3/1/2024,814 RADFORD BLVDBLDG1221DOOR20,ALBANY,GA,"ALBANY, GA"
16058816,SDA,9,3/1/2024,814 RADFORD BLVDBLDG1221DOOR20,ALBANY,GA,"ALBANY, GA"
16058817,SDA,1,3/1/2024,814 RADFORD BLVDBLDG1221DOOR20,ALBANY,GA,"ALBANY, GA"
16059967,SDA,4,3/1/2024,814 RADFORD BLVDBLDG1221DOOR20,ALBANY,GA,"ALBANY, GA"
16062991,SDA,4,3/1/2024,814 RADFORD BLVDBLDG1221DOOR20,ALBANY,GA,"ALBANY, GA"
16062991,MMZ,1,3/1/2024,"BLDG 1012, O STREET",CAMP LEJEUNE,NC,"CAMP LEJEUNE, NC"
16076670,SDA,2,3/1/2024,814 RADFORD BLVDBLDG1221DOOR20,ALBANY,GA,"ALBANY, GA"
16076670,P64,13,3/1/2024,300 HIGHWAY 361,CRANE,IN,"CRANE, IN"
16085936,SDA,14,3/1/2024,814 RADFORD BLVDBLDG1221DOOR20,ALBANY,GA,"ALBANY, GA"
16086851,SDA,7,3/1/2024,814 RADFORD BLVDBLDG1221DOOR20,ALBANY,GA,"ALBANY, GA"
16090580,SDA,1,3/1/2024,814 RADFORD BLVDBLDG1221DOOR20,ALBANY,GA,"ALBANY, GA"
16115308,SDA,28,3/1/2024,814 RADFORD BLVDBLDG1221DOOR20,ALBANY,GA,"ALBANY, GA"
16115308,P64,10,3/1/2024,300 HIGHWAY 361,CRANE,IN,"CRANE, IN"
16131200,SDA,1,3/1/2024,814 RADFORD BLVDBLDG1221DOOR20,ALBANY,GA,"ALBANY, GA"
16131202,SDA,1,3/1/2024,814 RADFORD BLVDBLDG1221DOOR20,ALBANY,GA,"ALBANY, GA"
16138318,SDA,1,3/1/2024,814 RADFORD BLVDBLDG1221DOOR20,ALBANY,GA,"ALBANY, GA"
16143307,MAB,10,3/1/2024,MARINE CORPS LOGISTICS BASE,ALBANY,GA,"ALBANY, GA"
16143307,LN1,9,3/1/2024,BUILDING 1260 DOOR 9,ALBANY,GA,"ALBANY, GA"
16144913,SDA,9,3/1/2024,814 RADFORD BLVDBLDG1221DOOR20,ALBANY,GA,"ALBANY, GA"
16144913,MMZ,1,3/1/2024,"BLDG 1012, O STREET",CAMP LEJEUNE,NC,"CAMP LEJEUNE, NC"
16151896,SDA,167,3/1/2024,814 RADFORD BLVDBLDG1221DOOR20,ALBANY,GA,"ALBANY, GA"
16151897,MF5,1,3/1/2024,"BLDG 1012, O STREET M/F MMFAF5",CAMP LEJEUNE,NC,"CAMP LEJEUNE, NC"
16151897,LN1,1,3/1/2024,BUILDING 1260 DOOR 9,ALBANY,GA,"ALBANY, GA"
16151897,MMZ,5,3/1/2024,"BLDG 1012, O STREET",CAMP LEJEUNE,NC,"CAMP LEJEUNE, NC"
16151897,SDA,116,3/1/2024,814 RADFORD BLVDBLDG1221DOOR20,ALBANY,GA,"ALBANY, GA"
16152111,SDA,1,3/1/2024,814 RADFORD BLVDBLDG1221DOOR20,ALBANY,GA,"ALBANY, GA"
16155502,SDA,2,3/1/2024,814 RADFORD BLVDBLDG1221DOOR20,ALBANY,GA,"ALBANY, GA"
16156458,SDA,2,3/1/2024,814 RADFORD BLVDBLDG1221DOOR20,ALBANY,GA,"ALBANY, GA"
16163604,SDA,17,3/1/2024,814 RADFORD BLVDBLDG1221DOOR20,ALBANY,GA,"ALBANY, GA"
16164375,BY6,5,3/1/2024,WAREHOUSE 6 BAY 4,TOBYHANNA,PA,"TOBYHANNA, PA"
16179895,SDA,6,3/1/2024,814 RADFORD BLVDBLDG1221DOOR20,ALBANY,GA,"ALBANY, GA"
16182979,SDA,5,3/1/2024,814 RADFORD BLVDBLDG1221DOOR20,ALBANY,GA,"ALBANY, GA"
16183634,SDA,1,3/1/2024,814 RADFORD BLVDBLDG1221DOOR20,ALBANY,GA,"ALBANY, GA"
16184602,SDA,15,3/1/2024,814 RADFORD BLVDBLDG1221DOOR20,ALBANY,GA,"ALBANY, GA"
16184602,SG2,2,3/1/2024,CENTRAL RECEIVING WHSE 7,BARSTOW,CA,"BARSTOW, CA"
16185142,BY6,15,3/1/2024,WAREHOUSE 6 BAY 4,TOBYHANNA,PA,"TOBYHANNA, PA"
16188144,MMZ,1,3/1/2024,"BLDG 1012, O STREET",CAMP LEJEUNE,NC,"CAMP LEJEUNE, NC"
16188144,SDA,14,3/1/2024,814 RADFORD BLVDBLDG1221DOOR20,ALBANY,GA,"ALBANY, GA"
16194609,SDA,11,3/1/2024,814 RADFORD BLVDBLDG1221DOOR20,ALBANY,GA,"ALBANY, GA"
16194610,SDA,1,3/1/2024,814 RADFORD BLVDBLDG1221DOOR20,ALBANY,GA,"ALBANY, GA"
16194610,BY6,8,3/1/2024,WAREHOUSE 6 BAY 4,TOBYHANNA,PA,"TOBYHANNA, PA"
16204982,MT3,1,3/1/2024,MF MMFAH8 BLDG 1830,TWENTYNINE PALMS,CA,"TWENTYNINE PALMS, CA"
16205324,SDA,9,3/1/2024,814 RADFORD BLVDBLDG1221DOOR20,ALBANY,GA,"ALBANY, GA"
16205396,MMZ,1,3/1/2024,"BLDG 1012, O STREET",CAMP LEJEUNE,NC,"CAMP LEJEUNE, NC"
16205396,SDA,6,3/1/2024,814 RADFORD BLVDBLDG1221DOOR20,ALBANY,GA,"ALBANY, GA"
16205397,SDA,13,3/1/2024,814 RADFORD BLVDBLDG1221DOOR20,ALBANY,GA,"ALBANY, GA"
16205398,SDA,3,3/1/2024,814 RADFORD BLVDBLDG1221DOOR20,ALBANY,GA,"ALBANY, GA"
16205707,SDA,15,3/1/2024,814 RADFORD BLVDBLDG1221DOOR20,ALBANY,GA,"ALBANY, GA"
16205708,SDA,10,3/1/2024,814 RADFORD BLVDBLDG1221DOOR20,ALBANY,GA,"ALBANY, GA"
16205710,SDA,11,3/1/2024,814 RADFORD BLVDBLDG1221DOOR20,ALBANY,GA,"ALBANY, GA"
16206279,SDA,1,3/1/2024,814 RADFORD BLVDBLDG1221DOOR20,ALBANY,GA,"ALBANY, GA"
16208076,SDA,17,3/1/2024,814 RADFORD BLVDBLDG1221DOOR20,ALBANY,GA,"ALBANY, GA"
16208356,SDA,7,3/1/2024,814 RADFORD BLVDBLDG1221DOOR20,ALBANY,GA,"ALBANY, GA"
16208358,SDA,6,3/1/2024,814 RADFORD BLVDBLDG1221DOOR20,ALBANY,GA,"ALBANY, GA"
16208740,SDA,2,3/1/2024,814 RADFORD BLVDBLDG1221DOOR20,ALBANY,GA,"ALBANY, GA"
16209209,SDA,7,3/1/2024,814 RADFORD BLVDBLDG1221DOOR20,ALBANY,GA,"ALBANY, GA"
16209210,MF5,1,3/1/2024,"BLDG 1012, O STREET M/F MMFAF5",CAMP LEJEUNE,NC,"CAMP LEJEUNE, NC"
16209210,SDA,10,3/1/2024,814 RADFORD BLVDBLDG1221DOOR20,ALBANY,GA,"ALBANY, GA"
16209210,SG2,1,3/1/2024,CENTRAL RECEIVING WHSE 7,BARSTOW,CA,"BARSTOW, CA"
16210049,MMZ,1,3/1/2024,"BLDG 1012, O STREET",CAMP LEJEUNE,NC,"CAMP LEJEUNE, NC"
16210049,SDA,3,3/1/2024,814 RADFORD BLVDBLDG1221DOOR20,ALBANY,GA,"ALBANY, GA"
16210050,SDA,8,3/1/2024,814 RADFORD BLVDBLDG1221DOOR20,ALBANY,GA,"ALBANY, GA"
16210051,MF5,1,3/1/2024,"BLDG 1012, O STREET M/F MMFAF5",CAMP LEJEUNE,NC,"CAMP LEJEUNE, NC"
16210051,SDA,27,3/1/2024,814 RADFORD BLVDBLDG1221DOOR20,ALBANY,GA,"ALBANY, GA"
16211709,SDA,3,3/1/2024,814 RADFORD BLVDBLDG1221DOOR20,ALBANY,GA,"ALBANY, GA"
16212730,BY6,5,3/1/2024,WAREHOUSE 6 BAY 4,TOBYHANNA,PA,"TOBYHANNA, PA"
16212732,LN1,1,3/1/2024,BUILDING 1260 DOOR 9,ALBANY,GA,"ALBANY, GA"
16212732,SDA,12,3/1/2024,814 RADFORD BLVDBLDG1221DOOR20,ALBANY,GA,"ALBANY, GA"
16212732,SG2,8,3/1/2024,CENTRAL RECEIVING WHSE 7,BARSTOW,CA,"BARSTOW, CA"
16219266,SDA,4,3/1/2024,814 RADFORD BLVDBLDG1221DOOR20,ALBANY,GA,"ALBANY, GA"
16224882,SDA,12,3/1/2024,814 RADFORD BLVDBLDG1221DOOR20,ALBANY,GA,"ALBANY, GA"
16226419,SDA,21,3/1/2024,814 RADFORD BLVDBLDG1221DOOR20,ALBANY,GA,"ALBANY, GA"
16226420,SDA,18,3/1/2024,814 RADFORD BLVDBLDG1221DOOR20,ALBANY,GA,"ALBANY, GA"
16228848,SDA,12,3/1/2024,814 RADFORD BLVDBLDG1221DOOR20,ALBANY,GA,"ALBANY, GA"
16228900,SDN,3,3/1/2024,RECEIVING BLDG 499,TEXARKANA,TX,"TEXARKANA, TX"
16228900,BY6,8,3/1/2024,WAREHOUSE 6 BAY 4,TOBYHANNA,PA,"TOBYHANNA, PA"
16228900,SDA,1,3/1/2024,814 RADFORD BLVDBLDG1221DOOR20,ALBANY,GA,"ALBANY, GA"
16228900,BR4,3,3/1/2024,HIGHWAY 82 WEST,TEXARKANA,TX,"TEXARKANA, TX"
16229603,SDA,15,3/1/2024,814 RADFORD BLVDBLDG1221DOOR20,ALBANY,GA,"ALBANY, GA"
16229604,SDA,2,3/1/2024,814 RADFORD BLVDBLDG1221DOOR20,ALBANY,GA,"ALBANY, GA"
16229813,SDA,3,3/1/2024,814 RADFORD BLVDBLDG1221DOOR20,ALBANY,GA,"ALBANY, GA"
16232899,SDA,4,3/1/2024,814 RADFORD BLVDBLDG1221DOOR20,ALBANY,GA,"ALBANY, GA"
16232900,SDA,1,3/1/2024,814 RADFORD BLVDBLDG1221DOOR20,ALBANY,GA,"ALBANY, GA"
16235349,BY6,1,3/1/2024,WAREHOUSE 6 BAY 4,TOBYHANNA,PA,"TOBYHANNA, PA"
16236222,SDA,1,3/1/2024,814 RADFORD BLVDBLDG1221DOOR20,ALBANY,GA,"ALBANY, GA"
16236825,SDA,2,3/1/2024,814 RADFORD BLVDBLDG1221DOOR20,ALBANY,GA,"ALBANY, GA"
16236831,SDA,1,3/1/2024,814 RADFORD BLVDBLDG1221DOOR20,ALBANY,GA,"ALBANY, GA"
16238828,SDA,2,3/1/2024,814 RADFORD BLVDBLDG1221DOOR20,ALBANY,GA,"ALBANY, GA"
16239204,SDA,3,3/1/2024,814 RADFORD BLVDBLDG1221DOOR20,ALBANY,GA,"ALBANY, GA"
16240410,SDA,3,3/1/2024,814 RADFORD BLVDBLDG1221DOOR20,ALBANY,GA,"ALBANY, GA"
16240410,MMZ,1,3/1/2024,"BLDG 1012, O STREET",CAMP LEJEUNE,NC,"CAMP LEJEUNE, NC"
16240698,SDA,5,3/1/2024,814 RADFORD BLVDBLDG1221DOOR20,ALBANY,GA,"ALBANY, GA"
16241490,SDA,2,3/1/2024,814 RADFORD BLVDBLDG1221DOOR20,ALBANY,GA,"ALBANY, GA"
16241957,SDA,1,3/1/2024,814 RADFORD BLVDBLDG1221DOOR20,ALBANY,GA,"ALBANY, GA"
16265327,MF5,1,3/1/2024,"BLDG 1012, O STREET M/F MMFAF5",CAMP LEJEUNE,NC,"CAMP LEJEUNE, NC"
16265327,SDA,25,3/1/2024,814 RADFORD BLVDBLDG1221DOOR20,ALBANY,GA,"ALBANY, GA"
16275690,SDA,2,3/1/2024,814 RADFORD BLVDBLDG1221DOOR20,ALBANY,GA,"ALBANY, GA"
16281970,SDA,8,3/1/2024,814 RADFORD BLVDBLDG1221DOOR20,ALBANY,GA,"ALBANY, GA"
16296933,MG4,2,3/1/2024,BLDG 2200 DOOR N16 (BLDG 2229),ALBANY,GA,"ALBANY, GA"
16296933,SDA,3,3/1/2024,814 RADFORD BLVDBLDG1221DOOR20,ALBANY,GA,"ALBANY, GA"
16299675,SDA,23,3/1/2024,814 RADFORD BLVDBLDG1221DOOR20,ALBANY,GA,"ALBANY, GA"
16305128,MMZ,1,3/1/2024,"BLDG 1012, O STREET",CAMP LEJEUNE,NC,"CAMP LEJEUNE, NC"
16305128,SDA,2,3/1/2024,814 RADFORD BLVDBLDG1221DOOR20,ALBANY,GA,"ALBANY, GA"
16305129,SDA,65,3/1/2024,814 RADFORD BLVDBLDG1221DOOR20,ALBANY,GA,"ALBANY, GA"
16306877,MG4,1,3/1/2024,BLDG 2200 DOOR N16 (BLDG 2229),ALBANY,GA,"ALBANY, GA"
16313780,SDA,9,3/1/2024,814 RADFORD BLVDBLDG1221DOOR20,ALBANY,GA,"ALBANY, GA"
16313780,MG4,1,3/1/2024,BLDG 2200 DOOR N16 (BLDG 2229),ALBANY,GA,"ALBANY, GA"
16328511,SDA,25,3/1/2024,814 RADFORD BLVDBLDG1221DOOR20,ALBANY,GA,"ALBANY, GA"
16328512,SDA,1,3/1/2024,814 RADFORD BLVDBLDG1221DOOR20,ALBANY,GA,"ALBANY, GA"
16412229,BY6,1,3/1/2024,WAREHOUSE 6 BAY 4,TOBYHANNA,PA,"TOBYHANNA, PA"
16421650,LN1,1,3/1/2024,BUILDING 1260 DOOR 9,ALBANY,GA,"ALBANY, GA"
16421650,SDA,104,3/1/2024,814 RADFORD BLVDBLDG1221DOOR20,ALBANY,GA,"ALBANY, GA"
16423478,MMZ,1,3/1/2024,"BLDG 1012, O STREET",CAMP LEJEUNE,NC,"CAMP LEJEUNE, NC"
16429980,SDA,10,3/1/2024,814 RADFORD BLVDBLDG1221DOOR20,ALBANY,GA,"ALBANY, GA"
16449881,P64,9,3/1/2024,300 HIGHWAY 361,CRANE,IN,"CRANE, IN"
16461726,SDA,7,3/1/2024,814 RADFORD BLVDBLDG1221DOOR20,ALBANY,GA,"ALBANY, GA"
16461726,MF5,1,3/1/2024,"BLDG 1012, O STREET M/F MMFAF5",CAMP LEJEUNE,NC,"CAMP LEJEUNE, NC"
16467702,LN1,1,3/1/2024,BUILDING 1260 DOOR 9,ALBANY,GA,"ALBANY, GA"
16467702,MMZ,1,3/1/2024,"BLDG 1012, O STREET",CAMP LEJEUNE,NC,"CAMP LEJEUNE, NC"
16467703,SDA,1,3/1/2024,814 RADFORD BLVDBLDG1221DOOR20,ALBANY,GA,"ALBANY, GA"
16468861,SDA,5,3/1/2024,814 RADFORD BLVDBLDG1221DOOR20,ALBANY,GA,"ALBANY, GA"
16469243,SDA,6,3/1/2024,814 RADFORD BLVDBLDG1221DOOR20,ALBANY,GA,"ALBANY, GA"
16469244,SDA,9,3/1/2024,814 RADFORD BLVDBLDG1221DOOR20,ALBANY,GA,"ALBANY, GA"
16471399,SDA,2,3/1/2024,814 RADFORD BLVDBLDG1221DOOR20,ALBANY,GA,"ALBANY, GA"
16471686,SDA,3,3/1/2024,814 RADFORD BLVDBLDG1221DOOR20,ALBANY,GA,"ALBANY, GA"
16471687,SDA,1,3/1/2024,814 RADFORD BLVDBLDG1221DOOR20,ALBANY,GA,"ALBANY, GA"
16472803,SDA,3,3/1/2024,814 RADFORD BLVDBLDG1221DOOR20,ALBANY,GA,"ALBANY, GA"
16473750,SDA,1,3/1/2024,814 RADFORD BLVDBLDG1221DOOR20,ALBANY,GA,"ALBANY, GA"
16473873,MUY,1,3/1/2024,WAREHOUSE 405 MARCORLOGBASE,YERMO,CA,"YERMO, CA"
16473873,SDA,7,3/1/2024,814 RADFORD BLVDBLDG1221DOOR20,ALBANY,GA,"ALBANY, GA"
16473875,SG2,2,3/1/2024,CENTRAL RECEIVING WHSE 7,BARSTOW,CA,"BARSTOW, CA"
16475897,MG4,1,3/1/2024,BLDG 2200 DOOR N16 (BLDG 2229),ALBANY,GA,"ALBANY, GA"
16479738,MAB,27,3/1/2024,MARINE CORPS LOGISTICS BASE,ALBANY,GA,"ALBANY, GA"
16479738,SDA,1,3/1/2024,814 RADFORD BLVDBLDG1221DOOR20,ALBANY,GA,"ALBANY, GA"
16487157,SDA,3,3/1/2024,814 RADFORD BLVDBLDG1221DOOR20,ALBANY,GA,"ALBANY, GA"
16487158,SG2,2,3/1/2024,CENTRAL RECEIVING WHSE 7,BARSTOW,CA,"BARSTOW, CA"
16487159,SDA,1,3/1/2024,814 RADFORD BLVDBLDG1221DOOR20,ALBANY,GA,"ALBANY, GA"
16489497,BY6,22,3/1/2024,WAREHOUSE 6 BAY 4,TOBYHANNA,PA,"TOBYHANNA, PA"
16492974,SDA,7,3/1/2024,814 RADFORD BLVDBLDG1221DOOR20,ALBANY,GA,"ALBANY, GA"
16492974,SG2,3,3/1/2024,CENTRAL RECEIVING WHSE 7,BARSTOW,CA,"BARSTOW, CA"
16493606,SDA,1,3/1/2024,814 RADFORD BLVDBLDG1221DOOR20,ALBANY,GA,"ALBANY, GA"
16495081,SDA,89,3/1/2024,814 RADFORD BLVDBLDG1221DOOR20,ALBANY,GA,"ALBANY, GA"
16497262,SDA,14,3/1/2024,814 RADFORD BLVDBLDG1221DOOR20,ALBANY,GA,"ALBANY, GA"
16505894,SDA,1,3/1/2024,814 RADFORD BLVDBLDG1221DOOR20,ALBANY,GA,"ALBANY, GA"
16510655,SDA,1,3/1/2024,814 RADFORD BLVDBLDG1221DOOR20,ALBANY,GA,"ALBANY, GA"
16533190,SDA,1,3/1/2024,814 RADFORD BLVDBLDG1221DOOR20,ALBANY,GA,"ALBANY, GA"
16533190,MG4,1,3/1/2024,BLDG 2200 DOOR N16 (BLDG 2229),ALBANY,GA,"ALBANY, GA"
16570187,SDA,1,3/1/2024,814 RADFORD BLVDBLDG1221DOOR20,ALBANY,GA,"ALBANY, GA"
16581742,SDA,5,3/1/2024,814 RADFORD BLVDBLDG1221DOOR20,ALBANY,GA,"ALBANY, GA"
16581743,SDA,13,3/1/2024,814 RADFORD BLVDBLDG1221DOOR20,ALBANY,GA,"ALBANY, GA"
16581743,SG2,3,3/1/2024,CENTRAL RECEIVING WHSE 7,BARSTOW,CA,"BARSTOW, CA"
16593676,SDA,1,3/1/2024,814 RADFORD BLVDBLDG1221DOOR20,ALBANY,GA,"ALBANY, GA"
16594495,SDA,1,3/1/2024,814 RADFORD BLVDBLDG1221DOOR20,ALBANY,GA,"ALBANY, GA"
16594496,SDA,1,3/1/2024,814 RADFORD BLVDBLDG1221DOOR20,ALBANY,GA,"ALBANY, GA"
16595648,BY6,3,3/1/2024,WAREHOUSE 6 BAY 4,TOBYHANNA,PA,"TOBYHANNA, PA"
16597765,SDA,1,3/1/2024,814 RADFORD BLVDBLDG1221DOOR20,ALBANY,GA,"ALBANY, GA"
16597768,SDA,11,3/1/2024,814 RADFORD BLVDBLDG1221DOOR20,ALBANY,GA,"ALBANY, GA"
16598395,SDA,1,3/1/2024,814 RADFORD BLVDBLDG1221DOOR20,ALBANY,GA,"ALBANY, GA"
16598724,SDA,19,3/1/2024,814 RADFORD BLVDBLDG1221DOOR20,ALBANY,GA,"ALBANY, GA"
16598724,BY6,25,3/1/2024,WAREHOUSE 6 BAY 4,TOBYHANNA,PA,"TOBYHANNA, PA"
16599101,SDA,1,3/1/2024,814 RADFORD BLVDBLDG1221DOOR20,ALBANY,GA,"ALBANY, GA"
16599595,BY6,2,3/1/2024,WAREHOUSE 6 BAY 4,TOBYHANNA,PA,"TOBYHANNA, PA"
16599595,AN5,5,3/1/2024,2001 NORMANDY DRIV DOOR 113,NEW CUMBERLAND,PA,"NEW CUMBERLAND, PA"
16600804,SDA,4,3/1/2024,814 RADFORD BLVDBLDG1221DOOR20,ALBANY,GA,"ALBANY, GA"
16609013,SDA,40,3/1/2024,814 RADFORD BLVDBLDG1221DOOR20,ALBANY,GA,"ALBANY, GA"
16609481,SDA,1,3/1/2024,814 RADFORD BLVDBLDG1221DOOR20,ALBANY,GA,"ALBANY, GA"
16615163,SDA,2,3/1/2024,814 RADFORD BLVDBLDG1221DOOR20,ALBANY,GA,"ALBANY, GA"
16616649,SDA,2,3/1/2024,814 RADFORD BLVDBLDG1221DOOR20,ALBANY,GA,"ALBANY, GA"
16616649,LN1,1,3/1/2024,BUILDING 1260 DOOR 9,ALBANY,GA,"ALBANY, GA"
16616809,SDA,1,3/1/2024,814 RADFORD BLVDBLDG1221DOOR20,ALBANY,GA,"ALBANY, GA"
16617074,SDA,32,3/1/2024,814 RADFORD BLVDBLDG1221DOOR20,ALBANY,GA,"ALBANY, GA"
16617075,SDA,10,3/1/2024,814 RADFORD BLVDBLDG1221DOOR20,ALBANY,GA,"ALBANY, GA"
16617077,SDA,14,3/1/2024,814 RADFORD BLVDBLDG1221DOOR20,ALBANY,GA,"ALBANY, GA"
16617078,SDA,4,3/1/2024,814 RADFORD BLVDBLDG1221DOOR20,ALBANY,GA,"ALBANY, GA"
16617079,SDA,7,3/1/2024,814 RADFORD BLVDBLDG1221DOOR20,ALBANY,GA,"ALBANY, GA"
16618830,SDA,11,3/1/2024,814 RADFORD BLVDBLDG1221DOOR20,ALBANY,GA,"ALBANY, GA"
16637523,MMZ,1,3/1/2024,"BLDG 1012, O STREET",CAMP LEJEUNE,NC,"CAMP LEJEUNE, NC"
16637523,SDA,6,3/1/2024,814 RADFORD BLVDBLDG1221DOOR20,ALBANY,GA,"ALBANY, GA"
16637523,MF5,1,3/1/2024,"BLDG 1012, O STREET M/F MMFAF5",CAMP LEJEUNE,NC,"CAMP LEJEUNE, NC"
16637525,SDA,1,3/1/2024,814 RADFORD BLVDBLDG1221DOOR20,ALBANY,GA,"ALBANY, GA"
16646887,SDA,2,3/1/2024,814 RADFORD BLVDBLDG1221DOOR20,ALBANY,GA,"ALBANY, GA"
16646888,SDA,3,3/1/2024,814 RADFORD BLVDBLDG1221DOOR20,ALBANY,GA,"ALBANY, GA"
16647169,SDA,1,3/1/2024,814 RADFORD BLVDBLDG1221DOOR20,ALBANY,GA,"ALBANY, GA"
16647511,SDA,3,3/1/2024,814 RADFORD BLVDBLDG1221DOOR20,ALBANY,GA,"ALBANY, GA"
16647511,SG2,4,3/1/2024,CENTRAL RECEIVING WHSE 7,BARSTOW,CA,"BARSTOW, CA"
16650824,MAB,21,3/1/2024,MARINE CORPS LOGISTICS BASE,ALBANY,GA,"ALBANY, GA"
16662560,SDA,1,3/1/2024,814 RADFORD BLVDBLDG1221DOOR20,ALBANY,GA,"ALBANY, GA"
16663140,SDA,3,3/1/2024,814 RADFORD BLVDBLDG1221DOOR20,ALBANY,GA,"ALBANY, GA"
16669220,SDA,2,3/1/2024,814 RADFORD BLVDBLDG1221DOOR20,ALBANY,GA,"ALBANY, GA"
16683774,SDA,1,3/1/2024,814 RADFORD BLVDBLDG1221DOOR20,ALBANY,GA,"ALBANY, GA"
16708721,SDA,2,3/1/2024,814 RADFORD BLVDBLDG1221DOOR20,ALBANY,GA,"ALBANY, GA"
16731471,SDA,35,3/1/2024,814 RADFORD BLVDBLDG1221DOOR20,ALBANY,GA,"ALBANY, GA"
16731854,SDA,3,3/1/2024,814 RADFORD BLVDBLDG1221DOOR20,ALBANY,GA,"ALBANY, GA"
16740020,SDA,14,3/1/2024,814 RADFORD BLVDBLDG1221DOOR20,ALBANY,GA,"ALBANY, GA"
16740020,MMZ,1,3/1/2024,"BLDG 1012, O STREET",CAMP LEJEUNE,NC,"CAMP LEJEUNE, NC"
16741613,SDA,15,3/1/2024,814 RADFORD BLVDBLDG1221DOOR20,ALBANY,GA,"ALBANY, GA"
16753467,SDA,12,3/1/2024,814 RADFORD BLVDBLDG1221DOOR20,ALBANY,GA,"ALBANY, GA"
16760487,MMZ,2,3/1/2024,"BLDG 1012, O STREET",CAMP LEJEUNE,NC,"CAMP LEJEUNE, NC"
16760878,SDA,2,3/1/2024,814 RADFORD BLVDBLDG1221DOOR20,ALBANY,GA,"ALBANY, GA"
16764848,SDA,3,3/1/2024,814 RADFORD BLVDBLDG1221DOOR20,ALBANY,GA,"ALBANY, GA"
16766360,SDA,5,3/1/2024,814 RADFORD BLVDBLDG1221DOOR20,ALBANY,GA,"ALBANY, GA"
16777745,SDA,6,3/1/2024,814 RADFORD BLVDBLDG1221DOOR20,ALBANY,GA,"ALBANY, GA"
16784515,SDA,1,3/1/2024,814 RADFORD BLVDBLDG1221DOOR20,ALBANY,GA,"ALBANY, GA"
16849376,MMZ,1,3/1/2024,"BLDG 1012, O STREET",CAMP LEJEUNE,NC,"CAMP LEJEUNE, NC"
16861319,SDA,10,3/1/2024,814 RADFORD BLVDBLDG1221DOOR20,ALBANY,GA,"ALBANY, GA"
16875088,SDA,1,3/1/2024,814 RADFORD BLVDBLDG1221DOOR20,ALBANY,GA,"ALBANY, GA"
16876814,SDA,1,3/1/2024,814 RADFORD BLVDBLDG1221DOOR20,ALBANY,GA,"ALBANY, GA"
16881482,BY6,4,3/1/2024,WAREHOUSE 6 BAY 4,TOBYHANNA,PA,"TOBYHANNA, PA"
16883118,SDA,1,3/1/2024,814 RADFORD BLVDBLDG1221DOOR20,ALBANY,GA,"ALBANY, GA"
16883118,MMZ,1,3/1/2024,"BLDG 1012, O STREET",CAMP LEJEUNE,NC,"CAMP LEJEUNE, NC"
16884875,SDA,1,3/1/2024,814 RADFORD BLVDBLDG1221DOOR20,ALBANY,GA,"ALBANY, GA"
16889695,SDA,2,3/1/2024,814 RADFORD BLVDBLDG1221DOOR20,ALBANY,GA,"ALBANY, GA"
16889695,MMZ,2,3/1/2024,"BLDG 1012, O STREET",CAMP LEJEUNE,NC,"CAMP LEJEUNE, NC"
16901886,SDA,1,3/1/2024,814 RADFORD BLVDBLDG1221DOOR20,ALBANY,GA,"ALBANY, GA"
16903155,SDA,1,3/1/2024,814 RADFORD BLVDBLDG1221DOOR20,ALBANY,GA,"ALBANY, GA"
16963349,SDA,7,3/1/2024,814 RADFORD BLVDBLDG1221DOOR20,ALBANY,GA,"ALBANY, GA"
16964090,SDA,1,3/1/2024,814 RADFORD BLVDBLDG1221DOOR20,ALBANY,GA,"ALBANY, GA"
16967817,SDA,3,3/1/2024,814 RADFORD BLVDBLDG1221DOOR20,ALBANY,GA,"ALBANY, GA"
16967817,MT3,1,3/1/2024,MF MMFAH8 BLDG 1830,TWENTYNINE PALMS,CA,"TWENTYNINE PALMS, CA"
16974759,SDH,1,3/1/2024,PHANTOM RD BLDG 147 BAY A,CHERRY POINT,NC,"CHERRY POINT, NC"
17004118,MMZ,1,3/1/2024,"BLDG 1012, O STREET",CAMP LEJEUNE,NC,"CAMP LEJEUNE, NC"
17005724,SDA,2,3/1/2024,814 RADFORD BLVDBLDG1221DOOR20,ALBANY,GA,"ALBANY, GA"
17013173,SDA,1,3/1/2024,814 RADFORD BLVDBLDG1221DOOR20,ALBANY,GA,"ALBANY, GA"
17057413,SDA,1,3/1/2024,814 RADFORD BLVDBLDG1221DOOR20,ALBANY,GA,"ALBANY, GA"
150266561,SDA,6,3/1/2024,814 RADFORD BLVDBLDG1221DOOR20,ALBANY,GA,"ALBANY, GA"
150266562,SDA,4,3/1/2024,814 RADFORD BLVDBLDG1221DOOR20,ALBANY,GA,"ALBANY, GA"
150266563,SDA,4,3/1/2024,814 RADFORD BLVDBLDG1221DOOR20,ALBANY,GA,"ALBANY, GA"
150266564,SDA,6,3/1/2024,814 RADFORD BLVDBLDG1221DOOR20,ALBANY,GA,"ALBANY, GA"
150266566,SDA,2,3/1/2024,814 RADFORD BLVDBLDG1221DOOR20,ALBANY,GA,"ALBANY, GA"
150266567,SDA,1,3/1/2024,814 RADFORD BLVDBLDG1221DOOR20,ALBANY,GA,"ALBANY, GA"
150266568,SDA,10,3/1/2024,814 RADFORD BLVDBLDG1221DOOR20,ALBANY,GA,"ALBANY, GA"
150266583,SDA,2,3/1/2024,814 RADFORD BLVDBLDG1221DOOR20,ALBANY,GA,"ALBANY, GA"
150270051,SG2,21,3/1/2024,CENTRAL RECEIVING WHSE 7,BARSTOW,CA,"BARSTOW, CA"
150270051,SDA,26,3/1/2024,814 RADFORD BLVDBLDG1221DOOR20,ALBANY,GA,"ALBANY, GA"
150270888,SDA,2,3/1/2024,814 RADFORD BLVDBLDG1221DOOR20,ALBANY,GA,"ALBANY, GA"
150270893,SDA,20,3/1/2024,814 RADFORD BLVDBLDG1221DOOR20,ALBANY,GA,"ALBANY, GA"
150270893,SG2,12,3/1/2024,CENTRAL RECEIVING WHSE 7,BARSTOW,CA,"BARSTOW, CA"
150271151,SDA,1,3/1/2024,814 RADFORD BLVDBLDG1221DOOR20,ALBANY,GA,"ALBANY, GA"
150273111,SDA,1,3/1/2024,814 RADFORD BLVDBLDG1221DOOR20,ALBANY,GA,"ALBANY, GA"
150273112,SDA,2,3/1/2024,814 RADFORD BLVDBLDG1221DOOR20,ALBANY,GA,"ALBANY, GA"
150281238,SDA,28,3/1/2024,814 RADFORD BLVDBLDG1221DOOR20,ALBANY,GA,"ALBANY, GA"
200051801,SDA,1,3/1/2024,814 RADFORD BLVDBLDG1221DOOR20,ALBANY,GA,"ALBANY, GA"
200058054,MG4,1,3/1/2024,BLDG 2200 DOOR N16 (BLDG 2229),ALBANY,GA,"ALBANY, GA"
200058054,SDA,98,3/1/2024,814 RADFORD BLVDBLDG1221DOOR20,ALBANY,GA,"ALBANY, GA"
200058054,SG2,6,3/1/2024,CENTRAL RECEIVING WHSE 7,BARSTOW,CA,"BARSTOW, CA"
200058106,SDA,216,3/1/2024,814 RADFORD BLVDBLDG1221DOOR20,ALBANY,GA,"ALBANY, GA"
219064746,SG2,2,3/1/2024,CENTRAL RECEIVING WHSE 7,BARSTOW,CA,"BARSTOW, CA"
219064746,SDA,14,3/1/2024,814 RADFORD BLVDBLDG1221DOOR20,ALBANY,GA,"ALBANY, GA"
992533509,SDA,3,3/1/2024,814 RADFORD BLVDBLDG1221DOOR20,ALBANY,GA,"ALBANY, GA"
992979085,MUY,1,3/1/2024,WAREHOUSE 405 MARCORLOGBASE,YERMO,CA,"YERMO, CA"
992979085,SG2,6,3/1/2024,CENTRAL RECEIVING WHSE 7,BARSTOW,CA,"BARSTOW, CA"
993009945,SDA,1,3/1/2024,814 RADFORD BLVDBLDG1221DOOR20,ALBANY,GA,"ALBANY, GA"
998407932,SDA,1,3/1/2024,814 RADFORD BLVDBLDG1221DOOR20,ALBANY,GA,"ALBANY, GA"
999579171,SDA,95,3/1/2024,814 RADFORD BLVDBLDG1221DOOR20,ALBANY,GA,"ALBANY, GA"
